student_id,true_lambda,true_hazard
S00000,0.11539890229677298,0.2441165657734954
S00001,0.07001655605172934,0.10577577513342076
S00002,0.05150344419461015,0.04601881125550869
S00003,0.12452828712141212,0.026652993366668234
S00004,0.07918724066517083,0.04779282138608847
S00005,0.08559173786691981,0.04055709155887228
S00006,0.09650841942796845,0.22091999159237716
S00007,0.07190525788711569,0.050942785080974294
S00008,0.07451069578592828,0.2847177703954385
S00009,0.19376823576739632,0.2349650733094624
S00010,0.10353651038141751,0.043373497212242214
S00011,0.11375193423999998,0.1068745458309649
S00012,0.09866404574998083,0.03555523001456782
S00013,0.1922130683493872,0.22636194487020497
S00014,0.1952970731807475,0.012294702818893206
S00015,0.15244587902555534,0.29469010275135543
S00016,0.09519928315818489,0.09153314626697694
S00017,0.03287837619361356,0.048151097700725454
S00018,0.1196279669053695,0.027534744147202896
S00019,0.07366805714087249,0.25935412662369023
S00020,0.10574185327266478,0.024034096272837004
S00021,0.05796359743827492,0.055281679257417914
S00022,0.15986872969501464,0.03607376951644367
S00023,0.11308577180647031,0.06891908666625925
S00024,0.07861164477162447,0.08256292329360473
S00025,0.1935689673160473,0.032628625696393736
S00026,0.1393034517457286,0.09952040132087682
S00027,0.06946852195239722,0.07957319185755103
S00028,0.13069016883705095,0.03948944814213726
S00029,0.12776131378584424,0.202052993874446
S00030,0.14078839381975683,0.09675360108293797
S00031,0.09059584496449787,0.021996602473687663
S00032,0.11897138509124044,0.051686164844686286
S00033,0.05966915278721589,0.02113470617076372
S00034,0.03976064915941055,0.03030434455518516
S00035,0.10667790438826663,0.13911664505416096
S00036,0.0949584597537781,0.07558061639041358
S00037,0.10975769320039518,0.11177618757743615
S00038,0.07433964417558914,0.058333021244639495
S00039,0.0709386332678014,0.0871050764551043
S00040,0.05925292720682316,0.10659616922467877
S00041,0.07392503954281258,0.010893375395828634
S00042,0.13303847620846765,0.11982651504949605
S00043,0.05431948482707601,0.03721078444270025
S00044,0.10644454567111908,0.23832525551813613
S00045,0.042191427467609184,0.07185184274662788
S00046,0.09399446156537491,0.019713445218881607
S00047,0.08633359197619013,0.042193489037793096
S00048,0.14612701169041484,0.014577586443475204
S00049,0.03152707664296195,0.03456094036718251
S00050,0.07989816649572991,0.07886694879013771
S00051,0.1054488955452078,0.0640683061740584
S00052,0.07676389566347036,0.012108243313376434
S00053,0.11510159614899339,0.12856601944112123
S00054,0.0870463242019444,0.029042462704573
S00055,0.10556400732740077,0.13792791417905712
S00056,0.07394747408568679,0.025901697682969734
S00057,0.0710880771285565,0.22028037735328332
S00058,0.0824633748277693,0.17901737826266792
S00059,0.13226601808369046,0.28409715254823376
S00060,0.22523185856493505,0.021512868517605477
S00061,0.07294986272084646,0.12299895867422597
S00062,0.11373238551520345,0.21051736135373394
S00063,0.1580260624533242,0.06398683501272949
S00064,0.09427093559283148,0.07305955495249787
S00065,0.080937384769254,0.04247991703087507
S00066,0.14060036826593195,0.21219811881442988
S00067,0.12152307561260589,0.4120875879104452
S00068,0.13458336866862822,0.035183008236560745
S00069,0.09292504056308738,0.01996558416820808
S00070,0.18253310304958184,0.21999978752164812
S00071,0.09437055978570472,0.027698907987870426
S00072,0.08793508643130965,0.12625787221922305
S00073,0.17983046942897943,0.10567405632552088
S00074,0.1045515095838911,0.11954696439198863
S00075,0.04031399156286209,0.06378098998549799
S00076,0.10137940579149517,0.09580709452448047
S00077,0.15389336735149448,0.2561164759185389
S00078,0.13815537694197472,0.0406202991905596
S00079,0.07819628808763807,0.019903316439458373
S00080,0.13758125766424148,0.12900081756795015
S00081,0.08201899413629296,0.02212756516388963
S00082,0.15997028215859885,0.12504592883160684
S00083,0.053471203728641635,0.065274551560101
S00084,0.05932399764759393,0.047008668388065514
S00085,0.15406053855686,0.17087747031071598
S00086,0.1761668808536518,0.17882478573001395
S00087,0.065878700715595,0.0017593567374803167
S00088,0.14502802394510633,0.09536711674543007
S00089,0.0646144419078293,0.03367482680377964
S00090,0.09195823188729184,0.19703041064277999
S00091,0.04541065320053673,0.090893448864541
S00092,0.1742597980208335,0.08488913477716108
S00093,0.12423979210831787,0.19938567763884546
S00094,0.08871255901917771,0.057480513837582396
S00095,0.07467270357347935,0.09867263894669709
S00096,0.07895098125419679,0.016971233945855622
S00097,0.10484232506059805,0.1430395891168558
S00098,0.09031885079258893,0.12843681257589604
S00099,0.11980398150477634,0.02045106637038594
S00100,0.07090048441924601,0.08188571029972232
S00101,0.2101389199190901,0.44338672288474335
S00102,0.10902448384563501,0.0822313611817019
S00103,0.1665633977641723,0.31436037029546277
S00104,0.05544488373494248,0.018303129148956068
S00105,0.06584484311480883,0.019019338561018607
S00106,0.1280164603628294,0.026670049013472037
S00107,0.10050661568405675,0.15824399069306277
S00108,0.092549435987772,0.00503054489032672
S00109,0.16261183797209972,0.22605807504395128
S00110,0.04101934893478412,0.026676387413855723
S00111,0.1253332687144223,0.19143777337835535
S00112,0.16514899444967018,0.1632832378782137
S00113,0.08693888899633286,0.0695306691852379
S00114,0.10155874793581614,0.1391744851613574
S00115,0.05699967154495916,0.0955405570140275
S00116,0.04941370692006795,0.0919537327467515
S00117,0.08594746094782614,0.15292179489752725
S00118,0.15153221471539421,0.2260500814844605
S00119,0.04852567455957639,0.023626665071494378
S00120,0.057785492266285814,0.0398784478515549
S00121,0.08151729310934806,0.011296793441847284
S00122,0.05094978512670324,0.03281722542157683
S00123,0.10808766610568796,0.07300330871184266
S00124,0.05240590790176517,0.10983032708316316
S00125,0.07296331928188295,0.2012560032172563
S00126,0.06695157902185257,0.01686879167396762
S00127,0.10533071793408787,0.013562276515278778
S00128,0.07974349597202704,0.033463444581628386
S00129,0.06860455937190629,0.0666390876409194
S00130,0.10545467032328983,0.28718838408064
S00131,0.16404368194048477,0.03537778206111571
S00132,0.06415274379447884,0.013017083875155575
S00133,0.09987557820528514,0.02275778236527973
S00134,0.11441853709126538,0.22764305356372505
S00135,0.12165383125563872,0.05402700029985415
S00136,0.09744328569997966,0.05913461380599793
S00137,0.13018598423108105,0.03217876730837474
S00138,0.08147901123838848,0.10029435826646325
S00139,0.07086191287664532,0.04091779164540994
S00140,0.04541376183027894,0.035975077468012165
S00141,0.09404893041139818,0.03894636435003817
S00142,0.10821185023983217,0.050422658059409604
S00143,0.0565486278365963,0.10741246120080024
S00144,0.14321849148334406,0.06826120355570711
S00145,0.1051426016189781,0.13968883691405412
S00146,0.08532167595622524,0.04576594424818978
S00147,0.2835786833576446,0.07520434073453484
S00148,0.12520673674567656,0.1291948660323473
S00149,0.05370363091880934,0.017740001649780783
S00150,0.07120160197537455,0.05957831968882407
S00151,0.06492812041619073,0.11096815214556827
S00152,0.08778020944028447,0.05488660988519318
S00153,0.07131136716130096,0.030128480435329397
S00154,0.14383957677074588,0.25461399102127097
S00155,0.07861326755015123,0.05575162117751041
S00156,0.08378296188271948,0.03389114933323405
S00157,0.1774168670414224,0.14009301381187014
S00158,0.057973663356729675,0.07927001193746173
S00159,0.07463903197185394,0.09457172954249034
S00160,0.11427551157032823,0.12149655724413642
S00161,0.07688170715234999,0.09164524895692894
S00162,0.09779432631908941,0.07358090292467986
S00163,0.07447412476833762,0.01782358313012843
S00164,0.17904745636116734,0.14260038885293658
S00165,0.2531148092123458,0.02647771152790549
S00166,0.10054986076869708,0.11397023465274468
S00167,0.145377142555081,0.042215119623996246
S00168,0.06407472381383525,0.014413426685954083
S00169,0.08592908161578791,0.19613356756067185
S00170,0.11354894160479605,0.10627057456225894
S00171,0.1044469399526152,0.09531883999959487
S00172,0.1532259305868909,0.08898699052988092
S00173,0.11620973700140812,0.09827072047353713
S00174,0.06808013646247829,0.0281398245783511
S00175,0.15489404402621207,0.07725478091369724
S00176,0.06957597349374552,0.05539850016216293
S00177,0.05324247381422996,0.042627342656061766
S00178,0.05702237563247014,0.000655451307639897
S00179,0.06131909409505193,0.12497510964593642
S00180,0.050240183927444934,0.020658255656603394
S00181,0.0868104060644828,0.13196345770893358
S00182,0.08709016027468544,0.16249288664045705
S00183,0.13252365921991957,0.13823348955519718
S00184,0.11297887951476698,0.05824677591753993
S00185,0.08211654966197779,0.09958752906365566
S00186,0.1665418003235175,0.08923122695960072
S00187,0.09058254941123783,0.024390812489549305
S00188,0.08107217883441563,0.10621753732757427
S00189,0.0819957925407169,0.07097517900284765
S00190,0.10006928492459909,0.21837428281317545
S00191,0.15186898896971063,0.11178572542140978
S00192,0.05426151256734377,0.05288010098872629
S00193,0.16191318315345807,0.14458186136301915
S00194,0.13546165978996802,0.08181198891940399
S00195,0.15599363156726087,0.18147622455957943
S00196,0.09293406019367365,0.11128296616451218
S00197,0.06834715005256022,0.08179871048948588
S00198,0.0718982371433349,0.023071539915908365
S00199,0.1362579923442942,0.08471553861907025
S00200,0.06801881308725789,0.1862903117994742
S00201,0.10384991530286286,0.09467305497477792
S00202,0.14118362479521854,0.060272503382782616
S00203,0.06419281537613307,0.010449833843521083
S00204,0.09317338849385969,0.18220916054786324
S00205,0.08550586970634017,0.14413250746444145
S00206,0.0495414200209235,0.05283203835286788
S00207,0.07576003421419562,0.04060405532870432
S00208,0.05638437323347182,0.07276618445179169
S00209,0.061031818308987275,0.10842912131586739
S00210,0.07922110583934226,0.07011414679925082
S00211,0.09819774124466851,0.07883129935871756
S00212,0.10405464843014052,0.05791161114081533
S00213,0.12332029154588878,0.09672087658038221
S00214,0.0694332409218175,0.0233961812346255
S00215,0.09917328917724104,0.09718690873103224
S00216,0.06946445501646908,0.023691261197982944
S00217,0.04410815579589012,0.019046515316454266
S00218,0.050275881648032705,0.012742594805187307
S00219,0.05197772093052393,0.009322869630847837
S00220,0.122335010779178,0.10388699922798873
S00221,0.09827947277604224,0.2536486528813563
S00222,0.10572223001706592,0.007881137597298332
S00223,0.15921036257447335,0.12005310632082718
S00224,0.10926926784393182,0.014412553940001427
S00225,0.08237048705645142,0.06041357069437562
S00226,0.25449331674194525,0.034740822174605245
S00227,0.12470024904944085,0.08890451421449064
S00228,0.04555839945298766,0.023860630135994897
S00229,0.04982482827401085,0.04160845010854999
S00230,0.06834077485864472,0.07107548176330195
S00231,0.03473733979313261,0.02347450366285392
S00232,0.08039395707654255,0.058836878643199884
S00233,0.13674823959574803,0.04849931039744672
S00234,0.0983956713436286,0.04412988714973702
S00235,0.08388475279904332,0.05007967310948278
S00236,0.138630822683968,0.0991518609187067
S00237,0.1000934089891737,0.09566557467582566
S00238,0.08661729385183391,0.09268627853006989
S00239,0.08624389769336424,0.01671094931883958
S00240,0.10528747853245794,0.1691893632799554
S00241,0.04860931519064811,0.050817832566515425
S00242,0.12990652886699908,0.09559324308928546
S00243,0.10323461370696994,0.07849156969031235
S00244,0.05463422505861377,0.0168670165934788
S00245,0.15092003143908775,0.17492092132664183
S00246,0.06939502528210562,0.002107220606489234
S00247,0.1377522392232828,0.005667306790107315
S00248,0.060701289710052,0.07808891874540835
S00249,0.08134815881118332,0.03381867122020838
S00250,0.10144057864886923,0.06406546512077804
S00251,0.16815739793910328,0.06292446220124362
S00252,0.10249858058803711,0.12901314038701872
S00253,0.07084799982224317,0.01991442100417458
S00254,0.10668479000886498,0.08084134916122289
S00255,0.13663879316214939,0.1453453900712254
S00256,0.07640820551511916,0.17342918846333713
S00257,0.06401199959164965,0.1061512327618447
S00258,0.09882688568563026,0.07771485251774567
S00259,0.07076321199852459,0.09967116517313367
S00260,0.13644080872516848,0.0672302910414412
S00261,0.03920079703354629,0.029940234810615057
S00262,0.12978157119461697,0.1765939376354075
S00263,0.12998111102338797,0.2670928184973691
S00264,0.09015031593717392,0.020476943668315643
S00265,0.06788500584335166,0.03677010493283289
S00266,0.09329414263391274,0.10477650892686209
S00267,0.05260410073421564,0.0660126573117509
S00268,0.05426151256734377,0.05346012231487977
S00269,0.049835068825605656,0.0338591283345492
S00270,0.12841151750996072,0.03888251089484151
S00271,0.059908307388695,0.014296447342046867
S00272,0.10531516437828499,0.11546427768872454
S00273,0.10157680208402967,0.048311945830132236
S00274,0.0756214042596765,0.04839325171866018
S00275,0.059472785890263835,0.023493764619199584
S00276,0.07673713338352976,0.03978614986816534
S00277,0.05953632214001162,0.019433375414940623
S00278,0.06814253596407739,0.03877307191751293
S00279,0.10907745638419028,0.06665025864342491
S00280,0.15092985359164976,0.16471196094258977
S00281,0.14056334786881192,0.04569606266119279
S00282,0.09643192315410745,0.009761958633297865
S00283,0.12386299230618325,0.06920437174942246
S00284,0.059439331550301955,0.05603741903242205
S00285,0.05642811498826049,0.02677728257018576
S00286,0.12649915979180545,0.175899639915709
S00287,0.1083672062819606,0.08171402569767025
S00288,0.09338907538156714,0.03119690229867526
S00289,0.1018743268456903,0.13115719809558546
S00290,0.05486050772499548,0.05443408634336977
S00291,0.05486168409728182,0.03389810610313519
S00292,0.04491694793609388,0.011497596326647909
S00293,0.11510159614899339,0.009014029474107824
S00294,0.04473394387824577,0.04935850333340277
S00295,0.06881928217922433,0.0947837115384226
S00296,0.08208900709072392,0.09423035970172843
S00297,0.057546752559739636,0.04748554978848674
S00298,0.09073389442371006,0.04847857677506931
S00299,0.14299921877277258,0.3297550978984199
S00300,0.1303211148794412,0.12291443680858155
S00301,0.09066766990838719,0.15310109468440794
S00302,0.05579002668673733,0.038386091151034495
S00303,0.0555935050698699,0.0716635140813226
S00304,0.07687226213230351,0.10853673138993186
S00305,0.14930517750294692,0.053184018059773824
S00306,0.09997439017411754,0.019542449575299475
S00307,0.10775015668430206,0.1279897865735237
S00308,0.056082015574027026,0.08619102126199463
S00309,0.056968496562886446,0.068519940043671
S00310,0.11811319403183218,0.06564045407375971
S00311,0.15295492626686588,0.06376339837135128
S00312,0.18771213320844293,0.3059288678746952
S00313,0.05732387029225804,0.08157911023023624
S00314,0.12025982428156311,0.07163872547713492
S00315,0.05833705229400095,0.08254611003541935
S00316,0.07729516037757324,0.05038775974761995
S00317,0.1949486798377422,0.06600231657045634
S00318,0.10316026929767362,0.07872974448960686
S00319,0.04341944424388227,0.017009615148823196
S00320,0.07724925004531616,0.11545074843389651
S00321,0.11210502585535756,0.04337886604357545
S00322,0.08750090154621964,0.08096398032001328
S00323,0.06923563320316854,0.12339240383169711
S00324,0.0932194207301621,0.06804061994513146
S00325,0.09907615589774309,0.037700620905756516
S00326,0.10636836895358077,0.16544843399218126
S00327,0.07331866266697734,0.08152974968460776
S00328,0.054092750992428364,0.09552070380362242
S00329,0.11759118998660059,0.0835833201355909
S00330,0.14129009429015857,0.152592136248854
S00331,0.1224739402866672,0.08396076756445675
S00332,0.09823744942660974,0.11584908595517844
S00333,0.07688799859881787,0.06262266972811158
S00334,0.07801815772447768,0.0427392280967504
S00335,0.05678349075623545,0.013934633831865313
S00336,0.06284272590255173,0.024528892098113795
S00337,0.0966462234123011,0.053807981117003675
S00338,0.17905668695905394,0.19362977933734127
S00339,0.08239225959973319,0.09335233113435318
S00340,0.15605999359660355,0.1040890797325594
S00341,0.10872272263212675,0.15591482707947701
S00342,0.045271876445646175,0.11295007734466193
S00343,0.13633756141528705,0.07538694573721336
S00344,0.1696521210268337,0.22014170233591415
S00345,0.05124420501877985,0.05375315532599941
S00346,0.09359443666350549,0.09365341392154544
S00347,0.08783661989567942,0.07353458362685325
S00348,0.08168204845355369,0.0028972220944429245
S00349,0.09746318706476434,0.1626385296591611
S00350,0.14528272924798155,0.00981951836226433
S00351,0.07508768217284781,0.07071429047327737
S00352,0.12314118644408212,0.1754432476234784
S00353,0.1771918524081967,0.21633951897702652
S00354,0.05618949273920495,0.015644053135450316
S00355,0.07516946058789233,0.01747735082949265
S00356,0.06382946208489357,0.05458223431974708
S00357,0.10850705383044283,0.0137129636425391
S00358,0.09336177843978156,0.19637677591280409
S00359,0.1854067982723094,0.4340833814029716
S00360,0.056460585781319274,0.038724353840847714
S00361,0.1512941410288293,0.09983453524110507
S00362,0.07649228837478333,0.06993656613180343
S00363,0.12318926284647898,0.36366481142999085
S00364,0.1505756336765848,0.04625440674761136
S00365,0.14927872306888265,0.05542724766750585
S00366,0.12877254969246912,0.1402472870308314
S00367,0.05833867507337253,0.02896601218710851
S00368,0.04746800532908223,0.06976669198463187
S00369,0.09550806480254088,0.30470502555745455
S00370,0.04807754283354218,0.06808877805559244
S00371,0.08999421189034776,0.03845977228525395
S00372,0.09374480750593689,0.08403864054594677
S00373,0.09230429998641085,0.05841222872338336
S00374,0.06453783826891409,0.017093343894897105
S00375,0.1161515200570366,0.15389910218131755
S00376,0.07577854333590579,0.1511541866327545
S00377,0.14134041343692214,0.1769641455528466
S00378,0.1800794773887753,0.4693025760305288
S00379,0.12036055556824364,0.043641456639473684
S00380,0.09530682020478634,0.06566870079314602
S00381,0.08990151684424307,0.017223154021272537
S00382,0.13118279405637162,0.11417271473490267
S00383,0.06496282499487627,0.1336859708096649
S00384,0.09750078967709232,0.07619093987951837
S00385,0.11708108407121239,0.0672094245513729
S00386,0.11435464005051882,0.1599875836436258
S00387,0.04188028466465118,0.08257030317810746
S00388,0.054686162193646526,0.05196322907670836
S00389,0.0611092254027455,0.045498321282969614
S00390,0.07414388330788847,0.14891810641957692
S00391,0.04147316789728277,0.04897218914066108
S00392,0.11671814552556943,0.2456400540354183
S00393,0.039218582973350805,0.017825903030985746
S00394,0.070995497736024,0.05665949964888761
S00395,0.09753997118575919,0.046129396379217126
S00396,0.06631805624309713,0.01025271062223309
S00397,0.12875244536667463,0.03704877602271787
S00398,0.06660736673922894,0.08204296567075355
S00399,0.11569150346432909,0.17901395721561872
S00400,0.07174885198179126,0.045538843530900125
S00401,0.049867074648812425,0.027544978070267918
S00402,0.07578175510397786,0.1550597344387554
S00403,0.1402593974866871,0.060859000844873085
S00404,0.11649497915996122,0.14399235424018483
S00405,0.08623265381093397,0.02127212492277012
S00406,0.14391998571923822,0.019084458902837994
S00407,0.05133127363334704,0.04721775406930073
S00408,0.08082636293990539,0.059933657664564904
S00409,0.04292373975483356,0.01908506535496589
S00410,0.05321293393007318,0.008417496852365229
S00411,0.16694628941920894,0.16417420589030424
S00412,0.0837659616875022,0.030783080071230803
S00413,0.13517673695220533,0.3594462715205753
S00414,0.09911024063714753,0.1190217686067734
S00415,0.04204814129275721,0.020301765291097576
S00416,0.05428487585669987,0.014167493011167341
S00417,0.061324885869326495,0.0469718579571427
S00418,0.1255815900744857,0.05414392963326653
S00419,0.06318798055028801,0.014229753599830024
S00420,0.12525349252899295,0.16236028080688764
S00421,0.08518080287828603,0.03285522452663707
S00422,0.09275290117115613,0.11406798142513426
S00423,0.07941718417955851,0.038049915298080446
S00424,0.10388186569134052,0.11135790869377786
S00425,0.07450658305476973,0.07299722154102846
S00426,0.15136418274903168,0.26527631049758654
S00427,0.15341408070039717,0.233059376324835
S00428,0.05669710672438546,0.01855749550118604
S00429,0.12350287708927407,0.1908596327234614
S00430,0.055636881158397884,0.15851172998885737
S00431,0.06148634902675174,0.02207188866646815
S00432,0.10756975114168807,0.15218161950864195
S00433,0.2034884828124813,0.15415706327456594
S00434,0.1514913421737461,0.16727343283546925
S00435,0.06048705617101361,0.25877003547641286
S00436,0.10505725661977923,0.03178453360258577
S00437,0.0954702979737449,0.08410930149852827
S00438,0.09097234708760636,0.025203770882767
S00439,0.0919085270667743,0.06402627619323513
S00440,0.12195218417022768,0.1972404798083099
S00441,0.07638288973773912,0.06188914091767114
S00442,0.10317884854998362,0.03282249371564393
S00443,0.05731385350683082,0.0967118421992401
S00444,0.13560880093521965,0.15638507033489335
S00445,0.1337368028330432,0.05242387633656014
S00446,0.057756161143410964,0.06963955421573272
S00447,0.062006817984789436,0.005900395298123255
S00448,0.13078042744492713,0.12363318914880715
S00449,0.07699782398880496,0.04999416322474307
S00450,0.08707895041045693,0.1649242658433822
S00451,0.1304801120858371,0.09579264024993418
S00452,0.04964279528145844,0.006384471184061949
S00453,0.14731035892732275,0.5356060864079798
S00454,0.2278266179937099,0.1926509814640493
S00455,0.18698700791025238,0.17875618218180264
S00456,0.08378150997331506,0.015416828951429791
S00457,0.18597079181419585,0.5171739417609149
S00458,0.06953020500173471,0.16645811533331928
S00459,0.16726119875678133,0.3723664642951388
S00460,0.13468237774765435,0.16033287120161496
S00461,0.08907549338998437,0.1507307852991252
S00462,0.15203187914181412,0.23732927479213778
S00463,0.0747681819515118,0.014232021067572946
S00464,0.05453349953095023,0.11646901280455238
S00465,0.08062551664774524,0.01894078907811696
S00466,0.0455502076822133,0.06168516047651653
S00467,0.07041534535297313,0.10963502683765869
S00468,0.1739853218403711,0.021278540358131145
S00469,0.06306893471480608,0.10659384203540885
S00470,0.1572417007666047,0.18729257756891454
S00471,0.10740441508399111,0.11895625746938424
S00472,0.06753902693993,0.04227730311348177
S00473,0.11766189124593501,0.11773278291595982
S00474,0.10229675920303395,0.16661157799794413
S00475,0.21538443229151116,0.08318952304772144
S00476,0.1478020357938223,0.04045946697117508
S00477,0.13907035099129583,0.24657779832544008
S00478,0.2080620678936661,0.010796043055863475
S00479,0.08306055761121794,0.16043299704942923
S00480,0.09910961450003937,0.004934441907097893
S00481,0.09469222736263935,0.07124885743840687
S00482,0.08466982153500718,0.17617137634860253
S00483,0.07764882327921906,0.15098267806929322
S00484,0.09985551727138824,0.05404629745367963
S00485,0.10894195126076217,0.18283508539964688
S00486,0.08492379184838925,0.13496022134904023
S00487,0.0954702979737449,0.0003579047172693834
S00488,0.08518413291753806,0.09915605193230075
S00489,0.05609055546308849,0.01737207651115257
S00490,0.10776547960355264,0.3144424158140691
S00491,0.051925769189793074,0.021826068209456703
S00492,0.06157692277192737,0.18288039512481488
S00493,0.1813890094564216,0.23571231858358332
S00494,0.1566767025970424,0.2776637612677256
S00495,0.0709386332678014,0.11630886875236453
S00496,0.10246607010423345,0.12197498922201344
S00497,0.046007994880138105,0.02278781475589654
S00498,0.16455934417440368,0.0844302675614187
S00499,0.09583641799710395,0.04336671449897693
S00500,0.11675981910086679,0.03280871745201981
S00501,0.10038891163411205,0.0599706072261347
S00502,0.06572492835456913,0.059744996899086744
S00503,0.12284399294843242,0.08331732054981239
S00504,0.10191992267143812,0.18386022216391754
S00505,0.08901591581529912,0.059050915403519824
S00506,0.10302082254301623,0.17369871820054014
S00507,0.16321184652592216,0.19641523916966477
S00508,0.07547126236147099,0.18795146258652737
S00509,0.08291723560579935,0.10831044129526127
S00510,0.04842625546479772,0.09797349832914952
S00511,0.05227115677580847,0.07934731759059467
S00512,0.11792425826773884,0.10270790323357543
S00513,0.04345887910722382,0.07732765661370979
S00514,0.052130862038698836,0.01573817665691777
S00515,0.17605829875746354,0.17559938541138176
S00516,0.12006994358015179,0.12251394584322434
S00517,0.12657248944438912,0.21791051599012268
S00518,0.10240140043527275,0.02060556890126261
S00519,0.18773660453123012,0.16120248920496735
S00520,0.08057630991728244,0.11265587563609454
S00521,0.13823801001161803,0.21926521370594226
S00522,0.09377920804309457,0.04998064027423262
S00523,0.136193820867028,0.03360531051066978
S00524,0.15647792948489675,0.18310622699818707
S00525,0.1604991979651337,0.033924564800026404
S00526,0.04969057032100448,0.0458679906372856
S00527,0.08693304203659714,0.07270357304978252
S00528,0.0697486716443667,0.07184801104716762
S00529,0.0883614514728474,0.18879242899605117
S00530,0.07795128880435835,0.13237037186874612
S00531,0.07514687151349057,0.0929922506103933
S00532,0.1345207464012174,0.19821379607642858
S00533,0.03694036704045551,0.02887453623459254
S00534,0.04311259505741158,0.0499771409421466
S00535,0.09302974017245245,0.10210022207896952
S00536,0.08720147582116654,0.048055955167984186
S00537,0.09536113874112012,0.09375419601880544
S00538,0.07367884251650277,0.21166158144838623
S00539,0.14862137176942705,0.12417574007927724
S00540,0.04914696933419976,0.050060605628916094
S00541,0.18515291093280106,0.06799677612653716
S00542,0.1783761289630441,0.07212292536526872
S00543,0.0610680608610943,0.01678067541633969
S00544,0.05197772093052393,0.023773167633026948
S00545,0.08368263783268179,0.18764468358157227
S00546,0.058531378387619945,0.052816714233841405
S00547,0.10551105938690163,0.007250696669692088
S00548,0.12848403968894517,0.26498679900672895
S00549,0.11173100051291027,0.058654555790314596
S00550,0.1589911074473233,0.054952995733674306
S00551,0.10344649165027041,0.23707579770042705
S00552,0.13168673602007047,0.12342673423983481
S00553,0.10423271875076402,0.31256766796483304
S00554,0.12015563159843981,0.12718283446925677
S00555,0.050643431401085355,0.024239456606672875
S00556,0.10000723424685855,0.04842281392895258
S00557,0.07683691845345257,0.07162760279077403
S00558,0.08528506264381665,0.04547405983205113
S00559,0.07925913334656916,0.10819415768822652
S00560,0.11364003740984531,0.08706809175140995
S00561,0.05777564017939955,0.16296541514661855
S00562,0.09120121723095685,0.05047820463638993
S00563,0.06496282499487627,0.0756831712276201
S00564,0.07536815439650354,0.21669030458059751
S00565,0.06712368586802447,0.10131112379395718
S00566,0.09285941425538059,0.23168335074611313
S00567,0.08989041403503445,0.2141605322846365
S00568,0.12295283215278395,0.0950036860311067
S00569,0.11423577145081291,0.06890186693212018
S00570,0.07335970905490784,0.0034188038842154407
S00571,0.05472024626296706,0.04831997277084171
S00572,0.11201144822103806,0.08944840707315672
S00573,0.11763084054891472,0.13186416546408078
S00574,0.26384479975462105,0.6803974420573384
S00575,0.054222665515365275,0.04022074308618866
S00576,0.19388544296818572,0.13415220892119992
S00577,0.09827947277604224,0.1267834835866599
S00578,0.05724416259434592,0.04331317630525864
S00579,0.05772486414819261,0.034386279914756596
S00580,0.06548162517530343,0.029128060651717573
S00581,0.07916024169093196,0.06880555872526033
S00582,0.0960736557024003,0.1104087588717509
S00583,0.06788500584335166,0.024635364174340514
S00584,0.13025754588106897,0.07281053886499043
S00585,0.03683948835067826,0.03374922706041573
S00586,0.10708808857498421,0.04107554142412303
S00587,0.06540598087139521,0.10420222472020724
S00588,0.11259701247156075,0.18470119011108757
S00589,0.16233248892890248,0.1099768464154511
S00590,0.13466843017748578,0.5568036740767155
S00591,0.09400030182299303,0.16300990015704472
S00592,0.07249879866493032,0.09429388482114841
S00593,0.23028073391077208,0.26535164207176315
S00594,0.1072464230382533,0.21179954265759585
S00595,0.10657140000826545,0.2526753588928256
S00596,0.07755181778441476,0.09384700949252138
S00597,0.06616341509863599,0.26950117864051465
S00598,0.04879350712326553,0.04448677035468736
S00599,0.11686285084960019,0.06474701906684209
S00600,0.04606146175909692,0.0192942665423899
S00601,0.07220030232082349,0.0436818534876811
S00602,0.0536679067466302,0.0405160054100352
S00603,0.10776311739300719,0.07072350803911648
S00604,0.08006310875533149,0.043346828523149444
S00605,0.05117219784732663,0.06965462621260259
S00606,0.0975624178040324,0.026469455110783188
S00607,0.10167169719849758,0.024886308517501114
S00608,0.06741202846726886,0.05843618306446086
S00609,0.10008745411893268,0.06622228109030841
S00610,0.0835457856452796,0.033377761352185904
S00611,0.13045109696978668,0.39713234848767076
S00612,0.046212979256249107,0.032634515956023374
S00613,0.12698086262989405,0.1449937885895395
S00614,0.090113666595466,0.02345993840487017
S00615,0.06670561640813913,0.36615232154360267
S00616,0.05514878200953843,0.03632387434300773
S00617,0.08518413291753806,0.14221399114398467
S00618,0.06986156194599653,0.07229355666893054
S00619,0.17689865079509207,0.2403940263779706
S00620,0.08243976637374821,0.04389254342146268
S00621,0.08620058571443229,0.0034112270158780955
S00622,0.07607485601168486,0.014790400567699272
S00623,0.07094547109887277,0.1750410337609454
S00624,0.04491694793609388,0.05851844213846857
S00625,0.06139162187754414,0.08477850580648057
S00626,0.03268605154195285,0.01776498346021284
S00627,0.050572144457090976,0.03399038236414186
S00628,0.1085194093170251,0.06914655618894909
S00629,0.09817300621210232,0.029184055385136826
S00630,0.1328851067061772,0.19161982659214843
S00631,0.03519164483627375,0.016932777469842765
S00632,0.10931062893454689,0.016345805461002474
S00633,0.10863641152344398,0.09826912679800215
S00634,0.046130691917477325,0.03684184605530764
S00635,0.10389191770953202,0.05135422782363786
S00636,0.09592753961861177,0.10072609321020808
S00637,0.12881910029981858,0.17075959598375248
S00638,0.14648502339759692,0.27467970203624875
S00639,0.056738382337407564,0.030499962855160354
S00640,0.10387616114276582,0.04990494521125753
S00641,0.06502782031211349,0.09258964961140664
S00642,0.0746503478059289,0.06833583169293686
S00643,0.03973027574100991,0.024921504025013173
S00644,0.061416720830915025,0.09676604836022668
S00645,0.042983451085055836,0.09215182997273329
S00646,0.0844426533919287,0.12019736017213177
S00647,0.08804210651172449,0.031638891882776146
S00648,0.09394755442166426,0.002313034217808712
S00649,0.0997012790748122,0.16350464859981195
S00650,0.07288349405684531,0.050909634402242346
S00651,0.13855256319482775,0.11178690953204504
S00652,0.06954551917829793,0.2247590078453752
S00653,0.06311832374843186,0.10139534205799494
S00654,0.14594173641539598,0.1472230501053235
S00655,0.07494978316772773,0.06589426382903067
S00656,0.12080447158599801,0.019729360894599823
S00657,0.08707895041045693,0.11662036522547525
S00658,0.07083423297320264,0.05439308688227107
S00659,0.06887031517054669,0.07955515794345899
S00660,0.09373342776847719,0.20450060224756555
S00661,0.0898155684065427,0.04032685723152709
S00662,0.12553201972562567,0.15843976233131604
S00663,0.047919459130764695,0.003478525685533087
S00664,0.15454133385006835,0.018722688662949113
S00665,0.10781241678739394,0.12489444052125988
S00666,0.0767800042621469,0.1191689592689996
S00667,0.07666451204826522,0.03687328872495009
S00668,0.08367147794696733,0.1575143454461738
S00669,0.1655101922200832,0.14115987866784122
S00670,0.23388979279542793,0.42986958114118823
S00671,0.05701784517191955,0.025040708033778
S00672,0.11102219673346765,0.04339456159856496
S00673,0.08161344678259985,0.16055300665459185
S00674,0.1716337596941317,0.36792894006851473
S00675,0.05184788715210697,0.019580965988059015
S00676,0.140094811734867,0.31315961419886357
S00677,0.24125004815865225,0.283881987597277
S00678,0.1098612659893153,0.03747258796352148
S00679,0.045087956551583826,0.01893601422228839
S00680,0.10013642062397582,0.0819622506736326
S00681,0.17781385439806358,0.1299470879158963
S00682,0.11902664751982414,0.1908720122910361
S00683,0.07740650078911222,0.053320976473969224
S00684,0.05858787867600783,0.009156829264986711
S00685,0.10812032556562852,0.17948458085046862
S00686,0.07707593530315968,0.230824879960595
S00687,0.13664347632905935,0.01759699198874419
S00688,0.2210862565016839,0.3759690230151239
S00689,0.1506473047287079,0.02457989069588887
S00690,0.13520671719643443,0.18687358994150396
S00691,0.06995746774308532,0.044069384829974245
S00692,0.09936651474643143,0.027469678175117942
S00693,0.1329680356286428,0.1228574913313328
S00694,0.09728485613227096,0.045447774278314604
S00695,0.1498430701612629,0.38210375035226446
S00696,0.09171112933324778,0.06819996954446748
S00697,0.1666226859055751,0.1829715626369973
S00698,0.13850211131924858,0.12327969314892506
S00699,0.07918724066517083,0.12456733656990064
S00700,0.2433024250847051,0.11560002514807427
S00701,0.07365548680673803,0.22445365987639423
S00702,0.090655924725605,0.09324344185579925
S00703,0.032837557301399097,0.034257879407559984
S00704,0.19891533358014105,0.18292671074672553
S00705,0.06989885254893313,0.07118590716316804
S00706,0.11493063815222906,0.07966028689105648
S00707,0.1642408053416106,0.1011992181124698
S00708,0.057698748094099035,0.0386891653263178
S00709,0.18579050495330968,0.20335166582412853
S00710,0.04402813454736514,0.0773201446659937
S00711,0.09033100010744344,0.10220468281057334
S00712,0.20208480830667538,0.15376071043339626
S00713,0.06215342767193279,0.0763293667803262
S00714,0.17795225823398644,0.29796604578822217
S00715,0.0633966146187582,0.08262707262668625
S00716,0.05678801138988607,0.1496648738286092
S00717,0.14487936181655298,0.13261479504861057
S00718,0.19986318276161727,0.1863668874412262
S00719,0.17735287128767843,0.09599581679967784
S00720,0.07345551261331412,0.03316917085856204
S00721,0.056247061201500075,0.06014124372462008
S00722,0.10569473114516083,0.07111773759454527
S00723,0.07442693770458159,0.1073053672235542
S00724,0.06852901373358213,0.05073709512032131
S00725,0.054810420266548296,0.05269722109995546
S00726,0.06973294151849649,0.2017253143692686
S00727,0.18049522953090608,0.2915239257922983
S00728,0.1452299780252798,0.26214355523363936
S00729,0.12945649948569593,0.06241962939388255
S00730,0.10103182420117694,0.040256600537446445
S00731,0.147510543102287,0.09181048523279606
S00732,0.06360419804468839,0.12623421282505748
S00733,0.12557694672971426,0.04660144208626348
S00734,0.11218339372564591,0.1065771464087769
S00735,0.07887112435661554,0.19572105167883025
S00736,0.13936013979638623,0.09162960854877447
S00737,0.05857304446824394,0.053086762697298694
S00738,0.1128264064097515,0.1563039607366891
S00739,0.13317250011060172,0.025473145618261295
S00740,0.08067139593592546,0.16923426512886858
S00741,0.13727253420473753,0.09860089617754925
S00742,0.09750232429157624,0.06962969107502023
S00743,0.10782090512689096,0.015633278607241015
S00744,0.056965077769259714,0.026446127259892243
S00745,0.08873839334598052,0.002854148747019963
S00746,0.1458830516615042,0.292803462257767
S00747,0.09762247712310577,0.21725661069470423
S00748,0.061933705019841814,0.02674557011811697
S00749,0.0774737277903237,0.14020406605375085
S00750,0.12381830182509601,0.15577935468893478
S00751,0.1390397980626501,0.056382340312048834
S00752,0.11510159614899339,0.039758934307534986
S00753,0.13983471599113748,0.02730169608886214
S00754,0.05912168037628417,0.07784762319792281
S00755,0.09482597096248646,0.3014419323591165
S00756,0.14883028451500058,0.19040363854377448
S00757,0.11482410422858702,0.013397184541385294
S00758,0.11467851176176196,0.07153882307835259
S00759,0.20378676296155104,0.16255401361163815
S00760,0.10853586143839755,0.023265867185065955
S00761,0.09560611916614124,0.036826366119386514
S00762,0.1426170244511361,0.1598516382997838
S00763,0.1076278224498767,0.07020690359040511
S00764,0.07956651069626626,0.035490362564446536
S00765,0.05125510296597,0.006945613878157594
S00766,0.07016258439579529,0.11228839349888393
S00767,0.18432953246340728,0.2142568556288449
S00768,0.07226991682255932,0.21305940420190975
S00769,0.13528947144980358,0.030867365372171367
S00770,0.06016184742122082,0.08198248549499221
S00771,0.07853910610961148,0.11125787581659738
S00772,0.10671084950872278,0.10048078304950156
S00773,0.057754028276722616,0.02543969174461944
S00774,0.05308079480811256,0.03140796280829937
S00775,0.11041862675831476,0.09702606573789632
S00776,0.09784131611554037,0.009326241714332101
S00777,0.12200051033657922,0.17155213435667158
S00778,0.11229657065859076,0.10223512689118913
S00779,0.12346120365460275,0.07917968094381073
S00780,0.06650220580876944,0.06253936351205985
S00781,0.1458546691562936,0.1367782542129504
S00782,0.06313841797427398,0.07487840973966493
S00783,0.07680090137454279,0.07544874238683583
S00784,0.07569189495955507,0.03050009783290894
S00785,0.12361661770062882,0.06130345636665659
S00786,0.11618673092935297,0.10729422217425234
S00787,0.12553934167127834,0.10140658843876503
S00788,0.16716590887695493,0.38170523237850446
S00789,0.10700210768835657,0.05269003277285745
S00790,0.06973119152853467,0.04289929888170761
S00791,0.06888863477503351,0.045552819310933766
S00792,0.07040013377305142,0.01490663866591572
S00793,0.17362706109586215,0.16356957946782325
S00794,0.14216330432731114,0.05037883637393162
S00795,0.14594185952757519,0.08510968295940086
S00796,0.20492116971367735,0.0802914783855366
S00797,0.13528936977480732,0.09964429530039612
S00798,0.06972088185338374,0.0662920024329986
S00799,0.08857542114017856,0.06931877813699934
S00800,0.1325772425392026,0.1401697301438142
S00801,0.10502017113084171,0.030747539379359867
S00802,0.04732616991795384,0.026462244248080274
S00803,0.08807026042199552,0.233727765342519
S00804,0.03920542707989894,0.022156291964116177
S00805,0.14519804522628593,0.17708855337318352
S00806,0.07331866266697734,0.12345925689749283
S00807,0.11659983401776013,0.013839067555784706
S00808,0.09000049615329465,0.08538309073372669
S00809,0.06451904936704231,0.03873675811685923
S00810,0.09256121733454771,0.08769699800049306
S00811,0.12468684400107374,0.09944992921421525
S00812,0.06423714490588356,0.07872273754526972
S00813,0.17816232901923829,0.04878112743207276
S00814,0.08054817184959205,0.017924379580264164
S00815,0.06381816691291237,0.07254198051730693
S00816,0.08943498703031201,0.08412983558648557
S00817,0.0923582495750813,0.005661061047051506
S00818,0.1262338750642997,0.30134090630747307
S00819,0.1745606157790706,0.12117161998107702
S00820,0.12162485788318753,0.09171579924239917
S00821,0.0787816730590483,0.011258895743046926
S00822,0.055341179811629886,0.04918075480927201
S00823,0.20381260918598218,0.2246711919485102
S00824,0.12554510258687868,0.1676220273242353
S00825,0.03793276244495825,0.01206140449507026
S00826,0.11656908005281005,0.5954990049600171
S00827,0.07893677323186633,0.11516410933990233
S00828,0.11110354616289475,0.17988622263121948
S00829,0.0776217917388532,0.22099585846611977
S00830,0.07131588975440264,0.05312912107985486
S00831,0.05104250434678097,0.05082155769243437
S00832,0.04969057032100448,0.0033198069276465032
S00833,0.09508917952690141,0.011548034027362509
S00834,0.09207241793901953,0.0680353533826696
S00835,0.07065537520056973,0.06461638766505286
S00836,0.04091977004457086,0.02993961659481408
S00837,0.054518508604141855,0.031138155406997863
S00838,0.09949119616125725,0.12955940265183521
S00839,0.0954702979737449,0.12760126823827028
S00840,0.08979835312131146,0.05528364069946447
S00841,0.09333857839952679,0.08112926119229791
S00842,0.15191013691650296,0.1773547044346911
S00843,0.1381284646474946,0.13581470510264268
S00844,0.11268211754303688,0.021316780060954974
S00845,0.16082411770739596,0.0985171441052197
S00846,0.08151729310934806,0.04435003925585366
S00847,0.09339008893533256,0.1942710986776968
S00848,0.05714592358304881,0.02139262572325641
S00849,0.10847064762808788,0.0771498927515616
S00850,0.111571563536567,0.07161980935912649
S00851,0.09037587863788432,0.052185852823455225
S00852,0.06863586305114314,0.010760854742533844
S00853,0.08612633096843304,0.22604801573479338
S00854,0.1057672122030307,0.08006689163529851
S00855,0.10482175184907223,0.12384549543176883
S00856,0.1656435738413765,0.16959976819832417
S00857,0.1227011304985898,0.06958459274649809
S00858,0.05499808235712405,0.04112625256393812
S00859,0.06072748872838818,0.11624921972749583
S00860,0.1561127343771747,0.03203696582020526
S00861,0.16762968057392647,0.12847218480832057
S00862,0.0736823376826227,0.07390787758223831
S00863,0.07758627536654385,0.045584409560717534
S00864,0.14113246575907484,0.08213884176117747
S00865,0.0994473559771253,0.12488152311356754
S00866,0.07605460467233603,0.05193339679699286
S00867,0.217486572521671,0.6304513769019304
S00868,0.14410100750399374,0.18321461684918608
S00869,0.0921356455387531,0.2016604117384181
S00870,0.11690357991998486,0.15580512002217042
S00871,0.10747098438766327,0.03828230962266103
S00872,0.1567010972108414,0.11450749187290209
S00873,0.12400890844464858,0.10061904959056203
S00874,0.19967588496800523,0.1631034301479204
S00875,0.12350397435277731,0.15471159133735862
S00876,0.06263136070042992,0.07355629123330343
S00877,0.08602767879007295,0.07298905430808045
S00878,0.07812611253732697,0.018665371511487724
S00879,0.07433517961490997,0.1788738584023024
S00880,0.0950318694688634,0.05626226996959665
S00881,0.14763017391268507,0.07630669009838359
S00882,0.055710585151463134,0.003536924437523794
S00883,0.07016258439579529,0.09265349061840429
S00884,0.11667011013956229,0.19336228280334783
S00885,0.09584582559714916,0.15565733671978216
S00886,0.12033012729915317,0.007302512640522805
S00887,0.07852232660730417,0.13945355341096027
S00888,0.11983430741553192,0.07307612457510854
S00889,0.051632902119849715,0.032799310661685295
S00890,0.11098995546235567,0.04734326493664729
S00891,0.11099755318011657,0.13579910647605908
S00892,0.0757549381191728,0.12570935735663066
S00893,0.06191826340661961,0.051352941644203336
S00894,0.13415610813289566,0.08160165103954721
S00895,0.06929605616016199,0.12420790473140099
S00896,0.1207558202710329,0.08958573629084494
S00897,0.11025853282607406,0.10613249513040494
S00898,0.12718204720703194,0.0716676710224485
S00899,0.1035178683610403,0.10703073484831564
S00900,0.09410619211131414,0.10895966701667313
S00901,0.13124043297330526,0.05347961913659591
S00902,0.12468541594642485,0.026641144807000396
S00903,0.05621347370328947,0.03869660337562412
S00904,0.14043527623042193,0.03127546767948636
S00905,0.10369274877732229,0.07478765075894157
S00906,0.07005745477018324,0.11917625882495757
S00907,0.07975713714963596,0.05088857169941054
S00908,0.07050199636841757,0.00206072002182316
S00909,0.12175078458225046,0.04065869852841279
S00910,0.05102768032964324,0.04879110882471175
S00911,0.062474943642422016,0.05841663342818637
S00912,0.0545887144166265,0.02178088628332262
S00913,0.116404897579893,0.14228048419126815
S00914,0.06285403812237696,0.025752425548987462
S00915,0.10913403545960357,0.24861203925245934
S00916,0.06855445735887988,0.10569494814365261
S00917,0.16640491591757367,0.64621426051564
S00918,0.09200244779196105,0.11490816334756312
S00919,0.05689634347828036,0.05608597002933907
S00920,0.15192097001484042,0.039079045113486664
S00921,0.07799123237700603,0.06732661444149472
S00922,0.13993658706657772,0.03914689278361999
S00923,0.12400818946084242,0.20916456831284916
S00924,0.15259924681084913,0.06377460422152106
S00925,0.0684104998453236,0.2596242164770217
S00926,0.057179156382211445,0.04296399032324198
S00927,0.07800829624348095,0.27013237585703925
S00928,0.09298150769024453,0.01637592011238108
S00929,0.07199856530722103,0.04000603138907446
S00930,0.12452466408420929,0.028820790475171502
S00931,0.07146911116844855,0.01942221665850719
S00932,0.10317789175505121,0.08476854334391933
S00933,0.12928999244045908,0.01500762761884432
S00934,0.10844957966301326,0.1410674762541853
S00935,0.10498531921541167,0.07853536620895533
S00936,0.08370377089835819,0.04253231231783757
S00937,0.159636301917665,0.09419153029074986
S00938,0.07776398125060197,0.041891339588696196
S00939,0.16890401370394276,0.7185893161040411
S00940,0.15662542502064297,0.104931243798627
S00941,0.09131272512200017,0.06525165515009597
S00942,0.16095588984366788,0.08895131315478498
S00943,0.08694593974015719,0.14565637663974523
S00944,0.11528840840869647,0.11656666464020672
S00945,0.09254602318008599,0.08763368116045227
S00946,0.11190661314404113,0.012093982534576574
S00947,0.06770404724038116,0.05074229927058876
S00948,0.21255618505275542,0.3679447096003944
S00949,0.09172938642933427,0.03393763858526798
S00950,0.13549456695615922,0.24991307159469903
S00951,0.11901470175290607,0.12298786479084176
S00952,0.07717027712287765,0.07873335614212236
S00953,0.0553001761544716,0.07153775795295056
S00954,0.07329306689976957,0.03826635983626403
S00955,0.09493068583852805,0.06895369132778736
S00956,0.0722270899889687,0.12664944623087965
S00957,0.10853225237672212,0.23518766851526843
S00958,0.1678471717600354,0.31141878612910623
S00959,0.06949873533698693,0.15978897765626549
S00960,0.15924528385055473,0.3016849599173987
S00961,0.12963083637157527,0.021286147750211887
S00962,0.08092016657946352,0.09684515124115413
S00963,0.09098649507036488,0.01548849189804862
S00964,0.13740049635349139,0.043367082297644195
S00965,0.15832877376219082,0.038314682621137894
S00966,0.1735198969374264,0.0662697340703047
S00967,0.10688948585742747,0.0959676711021658
S00968,0.051925769189793074,0.018061784899222215
S00969,0.187081281870321,0.18028318792268685
S00970,0.10159760123930422,0.17743666648847206
S00971,0.10008788796091263,0.11218806833555352
S00972,0.11391491899366185,0.012314515030438346
S00973,0.2198945192478011,0.14790488147737965
S00974,0.11458170228724711,0.15674968780865084
S00975,0.03710735445029767,0.023600858993299067
S00976,0.078599439363369,0.08850539228324157
S00977,0.03611220861138663,0.01315263650330574
S00978,0.07508612724111086,0.04806901169769532
S00979,0.07888150445124811,0.11498317381669344
S00980,0.08303932173885596,0.022975429086014985
S00981,0.1102549438131983,0.08552293977059248
S00982,0.10189299709619651,0.07211579476125696
S00983,0.06439012966771776,0.03690204848419571
S00984,0.06344153356439189,0.0696129960692075
S00985,0.1605376252260628,0.31315149053574426
S00986,0.046007994880138105,0.030678247688316704
S00987,0.07825735617377481,0.036265403908385785
S00988,0.07030618280634877,0.0461265367402751
S00989,0.051269196255085685,0.1058973198841138
S00990,0.12295460019480516,0.044852181702232485
S00991,0.14128416780594322,0.042771088444187665
S00992,0.12957388489036922,0.06481761049096067
S00993,0.07577854333590579,0.10403959902898934
S00994,0.08237427034583825,0.06701318284320472
S00995,0.10678271707493751,0.1438942846007398
S00996,0.07742145102651403,0.021222979059900303
S00997,0.10389556283166233,0.0701390759774201
S00998,0.13880345526671256,0.042430921804531195
S00999,0.08563999688151848,0.027584546940524608
S01000,0.07433621475334584,0.0789150839659249
S01001,0.051080958406839676,0.03482294682975268
S01002,0.09545424892374411,0.29051616944307584
S01003,0.16633510994127762,0.3117182078847735
S01004,0.09274931347055743,0.07817610785174779
S01005,0.1108098158633438,0.07322313572142723
S01006,0.0876273545477612,0.016415937038845613
S01007,0.10320212351667038,0.013177806760382917
S01008,0.13304824284403552,0.23700097800447706
S01009,0.08155258241774035,0.03985503023250599
S01010,0.07537113430598281,0.0746457429129702
S01011,0.11445692032668851,0.09993169142068624
S01012,0.07269219756140562,0.1016533315809513
S01013,0.0972043227417686,0.2583394331557052
S01014,0.08984639279431794,0.13608949026911363
S01015,0.10010018988064852,0.07154624907997567
S01016,0.16230409757362638,0.34364019247680566
S01017,0.11152206272409411,0.1352489058105948
S01018,0.2032981074690097,0.14781895184925806
S01019,0.10178946516745106,0.0954787108025328
S01020,0.15319454629040039,0.24674025457408214
S01021,0.08367735882796835,0.1745593112183567
S01022,0.1290389786855866,0.06252983074790695
S01023,0.0849271195700124,0.05406178091961405
S01024,0.13781519598455122,0.028245621325042797
S01025,0.10650765730458324,0.1665130219145843
S01026,0.10466279595790494,0.07254251192101026
S01027,0.0799250906882951,0.19390209979045586
S01028,0.07918724066517083,0.1745950751342045
S01029,0.13635072271917717,0.1320784604106357
S01030,0.10501135064788655,0.10649791505620707
S01031,0.09658568815015416,0.0416020631726507
S01032,0.09867337795229215,0.04376172266321184
S01033,0.07167087092731465,0.061581849711059664
S01034,0.05762105683392229,0.038978277947027795
S01035,0.0687291294566537,0.17808687689087863
S01036,0.0882663859432637,0.0414104131666412
S01037,0.06788500584335166,0.0899165405691068
S01038,0.054827232081626286,0.038691343681535165
S01039,0.07944677757341467,0.07271205681376101
S01040,0.13744523123302893,0.15558679910971474
S01041,0.07076461565734261,0.019970946241922905
S01042,0.07387319286323492,0.10759141663222793
S01043,0.13433247179267468,0.26934459540190525
S01044,0.19210502372341778,0.3507736245503222
S01045,0.08641957536763545,0.06252039871777833
S01046,0.09792842012912058,0.03788264203106489
S01047,0.10056691783027077,0.15829944646523378
S01048,0.08468160536574414,0.044799557336096474
S01049,0.13241487215293274,0.13204162706224204
S01050,0.17426389988960733,0.020340853993242525
S01051,0.2450696030725898,0.04334194344922322
S01052,0.14352212945156204,0.1019328077063051
S01053,0.1478081355088941,0.10257211440067156
S01054,0.09145841865692451,0.03008035248536576
S01055,0.09773792197567471,0.012305922335477703
S01056,0.18057930895738103,0.19578165764908187
S01057,0.10186639518050136,0.014388869729771589
S01058,0.16135232156551102,0.06969423760182593
S01059,0.05476761791758146,0.07776929337088061
S01060,0.05434369855018279,0.0433446104665391
S01061,0.053017177430720666,0.056897322569396225
S01062,0.09134478057998104,0.08351044780080129
S01063,0.1295343105505483,0.12169837604328833
S01064,0.18112531175992075,0.12774952987277272
S01065,0.20455456716587436,0.06699677582997464
S01066,0.08145503095880274,0.14595535627646897
S01067,0.09613206794101886,0.09168638676090228
S01068,0.2528429069831208,0.22937204415165108
S01069,0.07524662161491368,0.3590019820448726
S01070,0.12191760712261115,0.038654669798882706
S01071,0.05423570367249003,0.09779362875684805
S01072,0.26576600047243365,0.2598071467675791
S01073,0.09741822273866399,0.022797756311389167
S01074,0.06660372787510192,0.033267359291077166
S01075,0.0664078440726531,0.03912302459609113
S01076,0.07746414492135345,0.014654200317435447
S01077,0.05743310272272125,0.030715773482744825
S01078,0.13199907491438417,0.19790056184697077
S01079,0.16584014167254443,0.3367890027400551
S01080,0.1274405333116053,0.13392106749730437
S01081,0.08865144853452492,0.08083180996218264
S01082,0.0773539458744671,0.056548640143112866
S01083,0.14913006711939253,0.06405767560477242
S01084,0.11515640873478464,0.06826603147566841
S01085,0.09091216801602225,0.0990998621978266
S01086,0.06444519567289196,0.013044949817465276
S01087,0.19271428341107869,0.13248943118618672
S01088,0.06148634902675174,0.05592415658898224
S01089,0.07494954719700234,0.07418622192873621
S01090,0.12969606072752413,0.02339121067808057
S01091,0.14862863823763842,0.34204551644853826
S01092,0.08027584836036307,0.10047444687468571
S01093,0.07208807371336177,0.02708380688496585
S01094,0.11039796005634028,0.0623536994932456
S01095,0.144465047937383,0.21079609791572457
S01096,0.06975393534523514,0.114721245238953
S01097,0.055538060422739725,0.023645185965776052
S01098,0.08569683132390772,0.028944566066772075
S01099,0.14166108886750375,0.2801365654760643
S01100,0.07862761325088348,0.09487653962712307
S01101,0.13957957225200263,0.10871821466588381
S01102,0.053795707867405854,0.029262054580452185
S01103,0.05490672288890527,0.04003042686928194
S01104,0.08128354129612662,0.02794712078016444
S01105,0.17469325831588736,0.28615708916408367
S01106,0.06178526387579907,0.060457020914754966
S01107,0.07412962004475479,0.07969797720233285
S01108,0.05348318937562855,0.200973552506398
S01109,0.14445337822690402,0.16127327659441743
S01110,0.10135854638822278,0.0314559857961133
S01111,0.14754361698068671,0.07292350928833391
S01112,0.13492567668991692,0.23597784709705025
S01113,0.13657937667713352,0.2751578101016026
S01114,0.0722185565379353,0.07164435247744827
S01115,0.07559700399992833,0.04818600108026454
S01116,0.09103945720447244,0.14402165360968258
S01117,0.16641084724869706,0.05247896937465151
S01118,0.10189319600254124,0.03650147767130896
S01119,0.2395442002428896,0.1771083098545538
S01120,0.04712014492596444,0.055156442918524805
S01121,0.11050720598509114,0.10669187507155535
S01122,0.04617748266674468,0.04808522891874711
S01123,0.1780063881179092,0.04461733922035774
S01124,0.0990315493443078,0.05903662106505799
S01125,0.0629203852538597,0.049162337465561916
S01126,0.11977433403324515,0.0719338055582943
S01127,0.09012617078659495,0.04493127822716187
S01128,0.06739237993378472,0.08517818869380457
S01129,0.08607827780074204,0.05561808817011379
S01130,0.09878550843730484,0.03722585344494918
S01131,0.11060078992798508,0.19616763012126093
S01132,0.18477808814965516,0.1687685351548392
S01133,0.20967933251998835,0.03031078894510005
S01134,0.06099642056134838,0.07028474016444196
S01135,0.08978794251650765,0.26741345776425446
S01136,0.0855866695170799,0.1383897725991776
S01137,0.046007994880138105,0.0868745875413101
S01138,0.09608849652793276,0.1994799109856287
S01139,0.12444461055551596,0.143184966287244
S01140,0.14129009429015857,0.06416873267684563
S01141,0.04978291294602349,0.08732179246796865
S01142,0.17117691057399453,0.04643245674660984
S01143,0.09268510398218761,0.08373134259460761
S01144,0.04651687654174539,0.06140100443428501
S01145,0.08581795811961519,0.09126130366444919
S01146,0.0938953550833909,0.05727118131357271
S01147,0.13505257640573662,0.038068374265273895
S01148,0.09617756683220206,0.2777186001358114
S01149,0.13069513388969242,0.18731734889087448
S01150,0.15110379818631514,0.0767930555584388
S01151,0.08241893326287542,0.02560219903083718
S01152,0.11330728228145058,0.10644278278513541
S01153,0.10225322389024218,0.09257512203204822
S01154,0.10668659911957667,0.10336541425649254
S01155,0.2056562319025926,0.4523307974766764
S01156,0.12697364651350426,0.0561526232958423
S01157,0.07632319144840921,0.08990809739953035
S01158,0.0420348112635101,0.0065989356748993614
S01159,0.1570952180405749,0.10655557184815233
S01160,0.07073572919026122,0.16119546495616907
S01161,0.09365535965307989,0.02256479799394807
S01162,0.15298230972457647,0.23347176959942667
S01163,0.08905275872296095,0.05391593230560198
S01164,0.050240183927444934,0.036609314093460896
S01165,0.05337316280023461,0.028118983780031585
S01166,0.0972043227417686,0.11903334620642415
S01167,0.07131388323162201,0.09271581232958709
S01168,0.1436532388611561,0.23885391782021284
S01169,0.14177473299932283,0.08791120378118072
S01170,0.0761998409207429,0.033596485138221326
S01171,0.0903862582790804,0.17401577665277193
S01172,0.12071487024787986,0.060011105984476565
S01173,0.1718857319297113,0.2221180801292103
S01174,0.040606494138639176,0.018967736053337302
S01175,0.08684755145563292,0.11008606759470747
S01176,0.0605709365488543,0.28594404579997745
S01177,0.07313568940162232,0.11058666868729965
S01178,0.13668185087906656,0.06127169385178944
S01179,0.09248057711969844,0.08264862321679096
S01180,0.15905344900107768,0.1638353169762315
S01181,0.06329555991262027,0.05110240047525258
S01182,0.24235422109168,0.37066391616775635
S01183,0.2084244630339006,0.3179143652002799
S01184,0.11810773178615207,0.1231296413934401
S01185,0.07850092422165791,0.19976839032221458
S01186,0.12138978033417806,0.04710191545829803
S01187,0.13372897579858242,0.06693497849517878
S01188,0.15048714363349053,0.008730798689048132
S01189,0.11643573547467567,0.11596465462123967
S01190,0.0703469920109686,0.04694856154119256
S01191,0.13175219372047228,0.1548626678778691
S01192,0.0723235592544835,0.031502676410639606
S01193,0.1810612532214549,0.07130539916718275
S01194,0.05799611378002302,0.0519112133054933
S01195,0.1362631258792154,0.06620067108190959
S01196,0.11235096915747968,0.12240671884517611
S01197,0.09519006537319329,0.10217661026278445
S01198,0.11691197817211106,0.09284726796708487
S01199,0.09065305942807549,0.13319204592247275
S01200,0.07755600148693177,0.07283179076731806
S01201,0.061800938383930984,0.03836912046241036
S01202,0.10162002658764892,0.037926577048700276
S01203,0.0860698376457265,0.09896184832453572
S01204,0.10791664253512566,0.04640104392285126
S01205,0.09315137479152863,0.1605459906595808
S01206,0.09415029481486992,0.10541522103422032
S01207,0.0810997062319432,0.044861609019790076
S01208,0.11975805258025893,0.03707565411446688
S01209,0.0875946795824238,0.0230833575849707
S01210,0.03625063904287691,0.0791132208004094
S01211,0.1164324480622849,0.008373768626235357
S01212,0.057499778567997206,0.024497472322896983
S01213,0.05625063048296094,0.24416551135939873
S01214,0.0936782903128626,0.15358057846761122
S01215,0.0579016440096262,0.15157083856965228
S01216,0.0566886916940127,0.07478404341887812
S01217,0.061286954863214206,0.05900999832294365
S01218,0.09251328391543616,0.11432378394688197
S01219,0.1102035632711358,0.02660115082454446
S01220,0.042983451085055836,0.01892961200961885
S01221,0.1008129939500846,0.03380461383567908
S01222,0.10811339879014899,0.029923741611579343
S01223,0.07778102758546054,0.32333341821083833
S01224,0.11812918775038862,0.045408644000475645
S01225,0.10104119353748751,0.17296869421023575
S01226,0.18416159142835986,0.016895256077726826
S01227,0.046007994880138105,0.04131896477963048
S01228,0.05796788174165787,0.08064518406971172
S01229,0.07575863938455898,0.02063542202425327
S01230,0.09415637198051968,0.06542569278757523
S01231,0.13577883107707728,0.29834905794152594
S01232,0.07547350035333877,0.1523114463091604
S01233,0.08550985918865527,0.032179482358827644
S01234,0.08867495358533932,0.2521251723957715
S01235,0.09567018247517335,0.23625349664048786
S01236,0.05824600003955565,0.10189745055971665
S01237,0.15920934651753943,0.029600519781604426
S01238,0.16705737943596408,0.07494592492476208
S01239,0.04489656544107431,0.05381678609595693
S01240,0.0901130508760349,0.07278072968578361
S01241,0.09928191537202016,0.09063853757517029
S01242,0.13639015682738814,0.1687324853466654
S01243,0.07659833809703058,0.07977103441956357
S01244,0.10470997042661669,0.15920253174379834
S01245,0.06627356534616324,0.16820246754869794
S01246,0.11259701247156075,0.11867403336127175
S01247,0.17279504757512257,0.11019564257415404
S01248,0.08684266316479096,0.07517935410158053
S01249,0.07348636301707247,0.020533033285925137
S01250,0.06354924919257839,0.061168282255767405
S01251,0.13635225056301714,0.27582670507006524
S01252,0.10894195126076217,0.009414085568116924
S01253,0.07846333533623108,0.008671161971576207
S01254,0.0949023538201311,0.16812763707543008
S01255,0.139288151942327,0.0673441288778398
S01256,0.12431456690086135,0.09868886802345292
S01257,0.11800734816127947,0.14481891934271457
S01258,0.04568598049891883,0.12978531500767365
S01259,0.12598516696965267,0.21974373904828792
S01260,0.04851219371411716,0.08555215407661622
S01261,0.1441971343949164,0.2111085405409568
S01262,0.07463205190726935,0.030130929289348997
S01263,0.06395650665803468,0.07836393298040717
S01264,0.07251657693683781,0.1786518679571909
S01265,0.06899715523968394,0.0014859201214666759
S01266,0.05200099577151555,0.004488673056590136
S01267,0.10675387537216008,0.14513775772367676
S01268,0.21942659900001138,0.059851897484852125
S01269,0.11542986659702004,0.07751518062851415
S01270,0.08595554893005204,0.09426966618953952
S01271,0.06490090422724387,0.17611091869675896
S01272,0.13266880840731438,0.11334440780304698
S01273,0.10700346302242629,0.11190667942127043
S01274,0.06566297786934432,0.1436131255660563
S01275,0.164594744309839,0.0746386936407837
S01276,0.17564346986140597,0.0368358829671997
S01277,0.12383526468054995,0.2696431827672792
S01278,0.15273575143387144,0.009415124391031936
S01279,0.08447633741208618,0.013255087243826508
S01280,0.08527365565334806,0.021210676894907726
S01281,0.0633259770489149,0.09626627090825873
S01282,0.10791913258786048,0.16886762803940217
S01283,0.1106036390685414,0.1449987742760871
S01284,0.07038020999783558,0.1313059605978904
S01285,0.11085338235563734,0.046006880254521626
S01286,0.1057560722184282,0.07522387567460101
S01287,0.12012593037837732,0.06082439307982336
S01288,0.0664078440726531,0.05896462290856281
S01289,0.08707075713241341,0.07547378225997842
S01290,0.18460441956942047,0.04984070981173806
S01291,0.10894195126076217,0.12275914456730731
S01292,0.1101350107515363,0.1500079113339945
S01293,0.09964991354222612,0.1478980621738501
S01294,0.07414664726808372,0.05522372574315913
S01295,0.1328293649884563,0.1359522494262569
S01296,0.116851553578516,0.0777758812632925
S01297,0.053518247239225304,0.005855903929783977
S01298,0.18151076346883202,0.36605237185874767
S01299,0.08507453858235041,0.1745336226812986
S01300,0.1590140114527567,0.056523388373893375
S01301,0.0706936610971181,0.04793481938073624
S01302,0.06444519567289196,0.06695562168687698
S01303,0.14871857765112198,0.18085672689319982
S01304,0.2096689617548251,0.20063873154029463
S01305,0.07964421512606758,0.06737069759432578
S01306,0.09157442088634365,0.0974533041915594
S01307,0.05778961798430898,0.01094657722797543
S01308,0.055740852836562986,0.05807895055206701
S01309,0.2060735198689336,0.14927204174456346
S01310,0.11324312427868789,0.3654782570235372
S01311,0.08910812095098372,0.24155238755133843
S01312,0.104966056684222,0.12650176413656605
S01313,0.1581486060091036,0.100358321209155
S01314,0.1681662940978709,0.2661308098255412
S01315,0.13458935527352012,0.05118984976604861
S01316,0.15019799402694067,0.3422929535894624
S01317,0.11834048694595166,0.08097771933742828
S01318,0.06378075247491703,0.059708904687904844
S01319,0.1634556719701374,0.058631245641441836
S01320,0.06929483533759365,0.030054418909067557
S01321,0.083824978804627,0.23923129816388963
S01322,0.09414209430174975,0.12376971368301441
S01323,0.12381830182509601,0.08467840147631887
S01324,0.174346650589091,0.3194046705277486
S01325,0.09584108917154908,0.07097278775830784
S01326,0.10236808597652154,0.10806234529112006
S01327,0.06513051210612623,0.07463108412143842
S01328,0.0421128598093729,0.019417746489718977
S01329,0.08431126937636631,0.07313973754424305
S01330,0.08106461346603121,0.13232557126832828
S01331,0.10295888359593526,0.12602481625039835
S01332,0.09598544146726783,0.020531504746163467
S01333,0.15200239582069733,0.10159231801931116
S01334,0.1075088838173222,0.41750434209412934
S01335,0.03629990713958776,0.01306354308931284
S01336,0.1411171717084781,0.06965962591402651
S01337,0.08333054620788595,0.07654856479040571
S01338,0.17219260722209626,0.04217707329783604
S01339,0.08328116617016353,0.009636211086145843
S01340,0.059140180876633724,0.1292483895777241
S01341,0.19139815042468009,0.030372278404274054
S01342,0.10285305559789998,0.1951432568931988
S01343,0.12379826161852879,0.12683045542065557
S01344,0.09002758879204133,0.10195252711069315
S01345,0.1668353108149806,0.5051990619255559
S01346,0.08123997050645128,0.024914749103644836
S01347,0.08849534014742318,0.01591672110999424
S01348,0.09133081933733535,0.17379957777846142
S01349,0.14033275921200802,0.27219546897030655
S01350,0.09538235060087798,0.11221508631988436
S01351,0.09160738880309686,0.037226129900655304
S01352,0.07193875867608025,0.01807825931426224
S01353,0.11014923689163587,0.07830942411226952
S01354,0.09380484777846114,0.11023689361763361
S01355,0.10383491770745318,0.02878856681363745
S01356,0.14455878842486022,0.26931948789524085
S01357,0.05960520393274442,0.029660588572450474
S01358,0.2628441785095442,0.17382987413670725
S01359,0.06148634902675174,0.11527308008850326
S01360,0.07631812680541172,0.045689656817574406
S01361,0.09177300689226614,0.1647099625680213
S01362,0.0737407134107496,0.07626150552291237
S01363,0.1168952618059516,0.051583445974073605
S01364,0.08447416049215631,0.04168258065912163
S01365,0.06065559908548346,0.0760906554868124
S01366,0.08234887977593341,0.1236153781471791
S01367,0.12976190030324164,0.19957437865518468
S01368,0.10145394039465049,0.2118624290026032
S01369,0.08157885269026287,0.12091508636259472
S01370,0.03670141033722783,0.04949642094044564
S01371,0.06438663116479394,0.046318262142374854
S01372,0.10531818440411773,0.08908901082393161
S01373,0.10115822538177337,0.03301042310166212
S01374,0.05745427925107168,0.030678361410702352
S01375,0.1439115726651142,0.12463729907781528
S01376,0.1689018066789011,0.10781693409325303
S01377,0.08598396655963172,0.00908509740271791
S01378,0.09681330570358146,0.02696205750627698
S01379,0.07093674559810931,0.16629733052962983
S01380,0.1778507954108791,0.04415048742395119
S01381,0.09387564591427132,0.19475718279514243
S01382,0.08186666392623723,0.09263662952741508
S01383,0.0954702979737449,0.1293170614995677
S01384,0.09447452862241515,0.13132322631009186
S01385,0.09935317209465475,0.058416794845887014
S01386,0.1126208114914797,0.04765673672450747
S01387,0.11401754657313383,0.06379809379666335
S01388,0.057053958024314164,0.08386155424367817
S01389,0.18221259110142438,0.05690947788729868
S01390,0.05891578156523883,0.0535263903663381
S01391,0.09060645253005016,0.09765365095274298
S01392,0.14899729357204358,0.19079821725462306
S01393,0.23234522997893503,0.27374601412845023
S01394,0.1369426605967827,0.03121061215981132
S01395,0.08342180245638837,0.238107702093548
S01396,0.15280283336791708,0.0780580200259954
S01397,0.08040050794106553,0.11591371372114775
S01398,0.07477424352948714,0.06016313900567071
S01399,0.09806778667408182,0.07350075213324503
