student_id,enroll_month,channel,grade_band,sessions_per_week,assessment_gap,first8_attendance,tenure_months,churned,cac,revenue_to_date
S00000,20,paid,middle,2,2.3,0.832,3.91,1,495,1231.65
S00001,4,walk_in,elementary,2,2.4,0.885,0.55,1,45,173.25
S00002,6,referral,high,2,0.7,0.885,8.28,1,60,2608.2
S00003,21,organic,high,1,2.0,0.833,9.0,0,95,2835.0
S00004,21,organic,college,1,2.3,1.0,9.0,0,95,2835.0
S00005,15,referral,high,1,1.9,0.821,0.74,1,60,233.1
S00006,15,organic,middle,2,3.1,0.704,4.77,1,95,1502.55
S00007,29,referral,elementary,1,2.8,0.831,1.0,0,60,315.0
S00008,10,referral,high,1,1.0,0.85,12.54,1,60,3950.1
S00009,12,paid,high,1,1.8,0.815,0.98,1,495,308.7
S00010,22,organic,high,1,0.9,0.88,2.51,1,95,790.65
S00011,24,organic,high,1,2.2,0.916,2.29,1,95,721.35
S00012,24,organic,high,1,0.9,0.916,6.0,0,95,1890.0
S00013,17,paid,elementary,1,2.5,0.685,2.83,1,495,891.45
S00014,15,paid,high,1,2.0,0.825,15.0,0,495,4725.0
S00015,23,paid,middle,1,2.6,0.865,3.23,1,495,1017.45
S00016,5,walk_in,middle,1,1.6,0.807,0.5,1,45,157.5
S00017,25,referral,middle,2,0.4,1.0,5.0,0,60,1575.0
S00018,23,paid,elementary,2,3.3,0.887,7.0,0,495,2205.0
S00019,19,walk_in,middle,2,1.5,0.774,2.13,1,45,670.95
S00020,28,organic,middle,1,2.9,0.835,2.0,0,95,630.0
S00021,10,organic,middle,2,2.1,1.0,8.2,1,95,2583.0
S00022,16,paid,high,1,2.3,0.998,0.73,1,495,229.95
S00023,17,organic,high,2,3.3,0.795,5.91,1,95,1861.65
S00024,9,organic,high,2,2.0,0.959,2.78,1,95,875.7
S00025,23,paid,college,1,3.0,0.721,7.0,0,495,2205.0
S00026,24,paid,elementary,1,0.4,0.753,1.62,1,495,510.3
S00027,24,walk_in,middle,2,2.5,0.898,6.0,0,45,1890.0
S00028,26,paid,elementary,1,1.5,0.89,4.0,0,495,1260.0
S00029,18,paid,middle,1,1.6,0.915,1.14,1,495,359.1
S00030,18,paid,college,1,1.7,0.851,11.28,1,495,3553.2
S00031,13,organic,elementary,1,2.0,0.876,17.0,0,95,5355.0
S00032,15,organic,high,2,3.2,0.75,15.0,0,95,4725.0
S00033,2,organic,high,2,0.0,1.0,28.0,0,95,8820.0
S00034,20,referral,middle,2,1.7,0.965,10.0,0,60,3150.0
S00035,3,organic,high,1,1.1,0.874,1.0,1,95,315.0
S00036,13,organic,middle,1,2.7,0.898,0.51,1,95,160.65
S00037,19,organic,middle,1,1.3,0.677,9.1,1,95,2866.5
S00038,15,referral,middle,1,2.1,0.749,15.0,0,60,4725.0
S00039,11,organic,elementary,1,1.3,1.0,9.96,1,95,3137.4
S00040,27,organic,elementary,2,2.3,1.0,3.0,0,95,945.0
S00041,20,walk_in,elementary,2,2.6,0.861,10.0,0,45,3150.0
S00042,13,paid,college,1,1.3,0.86,7.6,1,495,2394.0
S00043,15,referral,middle,2,1.7,0.734,8.28,1,60,2608.2
S00044,10,paid,elementary,1,0.4,0.952,0.5,1,495,157.5
S00045,11,referral,college,2,2.0,0.946,0.89,1,60,280.35
S00046,9,organic,elementary,2,2.5,0.675,21.0,0,95,6615.0
S00047,6,paid,college,2,1.2,0.957,6.55,1,495,2063.25
S00048,7,paid,high,2,2.7,0.882,23.0,0,495,7245.0
S00049,25,referral,middle,2,0.0,0.998,5.0,0,60,1575.0
S00050,29,organic,middle,1,0.0,0.806,1.0,0,95,315.0
S00051,8,paid,elementary,1,0.5,0.967,22.0,0,495,6930.0
S00052,27,organic,elementary,2,1.3,0.727,3.0,0,95,945.0
S00053,18,paid,elementary,1,1.7,1.0,9.76,1,495,3074.4
S00054,26,organic,middle,1,1.6,0.873,4.0,0,95,1260.0
S00055,3,organic,middle,1,1.6,0.73,21.91,1,95,6901.65
S00056,0,referral,high,1,2.4,0.97,19.76,1,60,6224.4
S00057,28,organic,middle,1,1.3,0.998,0.5,1,95,157.5
S00058,20,walk_in,college,1,0.6,0.831,0.5,1,45,157.5
S00059,4,paid,high,1,0.6,1.0,15.98,1,495,5033.7
S00060,11,paid,elementary,1,3.6,0.658,19.0,0,495,5985.0
S00061,15,paid,middle,2,0.0,0.984,15.0,0,495,4725.0
S00062,2,paid,elementary,1,1.5,0.993,2.99,1,495,941.85
S00063,24,organic,elementary,1,3.0,0.545,6.0,0,95,1890.0
S00064,0,paid,college,2,2.1,0.966,22.22,1,495,6999.3
S00065,6,organic,middle,1,1.0,0.878,3.91,1,95,1231.65
S00066,10,paid,elementary,1,1.7,0.852,3.38,1,495,1064.7
S00067,19,organic,elementary,1,2.5,0.699,0.5,1,95,157.5
S00068,4,walk_in,high,1,2.8,0.84,9.28,1,45,2923.2
S00069,12,organic,middle,1,0.9,0.767,18.0,0,95,5670.0
S00070,17,paid,elementary,1,2.4,0.715,8.71,1,495,2743.65
S00071,28,organic,high,2,1.9,0.815,2.0,0,95,630.0
S00072,11,referral,elementary,1,2.7,0.673,4.98,1,60,1568.7
S00073,4,paid,high,1,3.0,0.968,5.24,1,495,1650.6
S00074,2,organic,middle,1,1.4,0.721,0.93,1,95,292.95
S00075,5,referral,middle,2,0.4,0.849,10.43,1,60,3285.45
S00076,11,walk_in,middle,1,2.1,0.801,8.47,1,45,2668.05
S00077,16,walk_in,high,1,3.3,0.782,8.77,1,45,2762.55
S00078,16,paid,college,1,2.3,0.914,3.78,1,495,1190.7
S00079,20,organic,high,2,1.9,0.955,1.91,1,95,601.65
S00080,22,organic,elementary,1,3.9,0.721,3.59,1,95,1130.85
S00081,17,walk_in,middle,1,0.8,0.852,4.75,1,45,1496.25
S00082,2,paid,elementary,1,2.5,0.821,0.89,1,495,280.35
S00083,5,organic,elementary,2,1.2,0.986,25.0,0,95,7875.0
S00084,26,walk_in,elementary,2,1.7,0.95,4.0,0,45,1260.0
S00085,14,paid,elementary,1,1.8,0.792,14.7,1,495,4630.5
S00086,16,paid,college,2,3.1,0.584,13.84,1,495,4359.6
S00087,1,organic,high,2,0.9,1.0,29.0,0,95,9135.0
S00088,28,paid,high,1,1.2,0.981,2.0,0,495,630.0
S00089,20,organic,high,2,0.3,0.965,10.0,0,95,3150.0
S00090,10,organic,middle,1,2.1,0.873,12.95,1,95,4079.25
S00091,9,referral,middle,2,1.3,0.834,18.47,1,60,5818.05
S00092,2,paid,middle,1,2.1,0.725,11.87,1,495,3739.05
S00093,28,paid,elementary,1,0.7,0.862,1.13,1,495,355.95
S00094,28,organic,middle,1,1.4,0.843,2.0,0,95,630.0
S00095,12,referral,high,2,2.6,0.764,18.0,0,60,5670.0
S00096,27,organic,elementary,2,1.5,0.722,3.0,0,95,945.0
S00097,1,organic,elementary,1,2.3,0.792,5.66,1,95,1782.9
S00098,18,organic,middle,1,2.2,0.894,3.56,1,95,1121.4
S00099,0,organic,high,1,1.4,0.813,9.79,1,95,3083.85
S00100,27,walk_in,middle,1,0.3,0.919,3.0,0,45,945.0
S00101,9,paid,high,2,2.6,0.605,1.82,1,495,573.3
S00102,26,paid,elementary,2,1.9,0.842,4.0,0,495,1260.0
S00103,7,paid,elementary,1,2.6,0.8,6.13,1,495,1930.95
S00104,0,referral,elementary,1,0.0,0.795,6.77,1,60,2132.55
S00105,28,organic,elementary,2,0.2,0.751,2.0,0,95,630.0
S00106,14,paid,high,1,0.0,0.975,3.59,1,495,1130.85
S00107,23,paid,college,2,0.9,0.82,1.75,1,495,551.25
S00108,16,organic,high,2,2.6,0.887,14.0,0,95,4410.0
S00109,11,paid,elementary,1,2.2,0.785,4.94,1,495,1556.1
S00110,4,referral,elementary,2,1.7,0.942,13.24,1,60,4170.6
S00111,7,walk_in,high,1,1.8,0.812,4.9,1,45,1543.5
S00112,7,organic,high,1,2.4,0.656,6.99,1,95,2201.85
S00113,2,walk_in,middle,1,1.4,0.857,10.74,1,45,3383.1
S00114,1,organic,middle,1,2.1,0.799,13.28,1,95,4183.2
S00115,3,referral,middle,1,1.8,0.921,27.0,0,60,8505.0
S00116,7,referral,middle,1,0.0,0.88,13.53,1,60,4261.95
S00117,22,organic,high,2,1.4,0.844,1.63,1,95,513.45
S00118,20,paid,middle,1,2.9,0.894,2.03,1,495,639.45
S00119,1,referral,elementary,1,1.3,1.0,15.55,1,60,4898.25
S00120,29,organic,elementary,2,1.6,0.962,1.0,0,95,315.0
S00121,23,paid,elementary,2,1.2,1.0,7.0,0,495,2205.0
S00122,28,referral,high,2,1.3,0.941,2.0,0,60,630.0
S00123,11,paid,middle,2,2.7,0.913,17.16,1,495,5405.4
S00124,22,referral,college,1,1.5,0.959,0.5,1,60,157.5
S00125,20,organic,elementary,1,0.8,0.938,5.56,1,95,1751.4
S00126,27,organic,middle,1,0.0,0.937,3.0,0,95,945.0
S00127,18,organic,high,1,1.2,0.892,12.0,0,95,3780.0
S00128,12,organic,high,1,0.0,1.0,1.34,1,95,422.1
S00129,3,organic,elementary,1,0.1,0.927,0.93,1,95,292.95
S00130,16,walk_in,middle,1,2.4,0.796,0.5,1,45,157.5
S00131,22,paid,middle,1,2.3,0.786,8.0,0,495,2520.0
S00132,27,organic,high,2,0.0,0.946,3.0,0,95,945.0
S00133,26,organic,middle,1,2.5,0.844,4.0,0,95,1260.0
S00134,0,walk_in,elementary,1,2.1,0.711,6.23,1,45,1962.45
S00135,3,paid,college,2,1.0,0.687,1.77,1,495,557.55
S00136,7,walk_in,middle,1,2.4,0.854,12.28,1,45,3868.2
S00137,29,paid,high,2,0.2,0.764,1.0,0,495,315.0
S00138,6,paid,middle,2,0.6,0.951,7.68,1,495,2419.2
S00139,24,walk_in,elementary,1,0.4,0.927,6.0,0,45,1890.0
S00140,29,referral,elementary,1,0.7,1.0,1.0,0,60,315.0
S00141,18,paid,elementary,2,2.5,1.0,9.07,1,495,2857.05
S00142,19,paid,elementary,1,0.5,0.948,5.83,1,495,1836.45
S00143,20,referral,elementary,1,0.7,0.838,10.0,0,60,3150.0
S00144,12,paid,middle,1,0.8,0.765,18.0,0,495,5670.0
S00145,1,walk_in,middle,1,1.9,0.757,29.0,0,45,9135.0
S00146,13,organic,middle,1,1.4,0.871,17.0,0,95,5355.0
S00147,6,paid,high,1,2.5,0.59,17.98,1,495,5663.7
S00148,28,paid,elementary,1,1.1,0.889,2.0,0,495,630.0
S00149,27,walk_in,elementary,2,0.5,0.926,3.0,0,45,945.0
S00150,21,organic,high,2,1.2,0.967,9.0,0,95,2835.0
S00151,25,referral,middle,1,1.7,0.817,1.43,1,60,450.45
S00152,24,paid,middle,2,0.9,0.921,6.0,0,495,1890.0
S00153,6,referral,elementary,1,1.9,0.764,24.0,0,60,7560.0
S00154,14,paid,middle,2,3.3,0.75,1.05,1,495,330.75
S00155,16,walk_in,elementary,2,1.2,0.701,10.1,1,45,3181.5
S00156,29,organic,high,2,1.7,0.887,1.0,0,95,315.0
S00157,10,paid,high,1,2.9,0.97,0.5,1,495,157.5
S00158,7,organic,middle,2,1.1,0.918,23.0,0,95,7245.0
S00159,5,organic,elementary,1,0.9,0.93,8.85,1,95,2787.75
S00160,6,organic,high,1,0.7,0.791,1.7,1,95,535.5
S00161,23,walk_in,elementary,1,2.0,0.997,7.0,0,45,2205.0
S00162,15,referral,high,1,2.2,0.747,15.0,0,60,4725.0
S00163,20,organic,high,2,1.6,0.966,7.52,1,95,2368.8
S00164,27,paid,high,1,1.7,0.865,1.7,1,495,535.5
S00165,2,paid,high,1,2.8,0.698,28.0,0,495,8820.0
S00166,16,paid,middle,2,2.5,0.95,14.0,0,495,4410.0
S00167,20,paid,high,1,0.4,0.914,10.0,0,495,3150.0
S00168,13,organic,middle,2,1.7,0.893,17.0,0,95,5355.0
S00169,0,walk_in,elementary,1,1.8,0.899,0.86,1,45,270.9
S00170,18,paid,middle,2,2.3,0.844,5.56,1,495,1751.4
S00171,2,paid,middle,2,1.5,0.841,17.11,1,495,5389.65
S00172,7,paid,high,1,1.1,0.932,23.0,0,495,7245.0
S00173,12,organic,high,1,1.3,0.827,14.1,1,95,4441.5
S00174,12,organic,elementary,1,0.1,0.933,18.0,0,95,5670.0
S00175,1,paid,elementary,1,1.7,0.78,16.48,1,495,5191.2
S00176,26,referral,middle,1,1.1,0.717,2.58,1,60,812.7
S00177,15,referral,middle,2,2.1,0.781,15.0,0,60,4725.0
S00178,6,referral,college,1,0.8,0.84,24.0,0,60,7560.0
S00179,20,organic,college,2,1.3,0.893,0.5,1,95,157.5
S00180,28,walk_in,college,2,0.8,1.0,2.0,0,45,630.0
S00181,7,referral,high,1,0.7,0.713,12.99,1,60,4091.85
S00182,16,referral,high,1,2.3,0.841,0.93,1,60,292.95
S00183,20,paid,elementary,2,1.3,0.648,8.11,1,495,2554.65
S00184,29,walk_in,middle,1,2.1,0.72,1.0,0,45,315.0
S00185,2,organic,elementary,1,0.7,0.843,0.85,1,95,267.75
S00186,14,organic,high,1,1.8,0.601,10.31,1,95,3247.65
S00187,2,organic,elementary,1,0.1,0.721,4.61,1,95,1452.15
S00188,7,organic,elementary,1,1.2,0.893,0.5,1,95,157.5
S00189,14,organic,middle,1,1.2,0.885,5.75,1,95,1811.25
S00190,12,organic,middle,1,2.2,0.818,4.61,1,95,1452.15
S00191,0,paid,high,2,1.8,0.781,0.5,1,495,157.5
S00192,10,organic,elementary,2,1.5,1.0,16.75,1,95,5276.25
S00193,22,paid,elementary,1,2.4,0.804,6.01,1,495,1893.15
S00194,16,organic,high,1,1.8,0.754,14.0,0,95,4410.0
S00195,26,paid,high,1,2.1,1.0,4.0,0,495,1260.0
S00196,24,organic,middle,1,2.4,0.89,3.46,1,95,1089.9
S00197,0,organic,middle,2,1.6,0.837,30.0,0,95,9450.0
S00198,7,walk_in,elementary,1,1.4,0.998,23.0,0,45,7245.0
S00199,23,paid,high,2,2.0,0.877,7.0,0,495,2205.0
S00200,14,referral,high,1,1.3,0.942,1.88,1,60,592.2
S00201,17,paid,middle,2,2.0,0.886,5.26,1,495,1656.9
S00202,5,paid,elementary,2,2.7,0.715,3.48,1,495,1096.2
S00203,29,organic,elementary,2,2.4,0.949,1.0,0,95,315.0
S00204,24,paid,middle,2,1.3,0.909,6.0,0,495,1890.0
S00205,24,organic,middle,1,0.5,0.796,6.0,0,95,1890.0
S00206,14,referral,elementary,2,1.6,0.794,16.0,0,60,5040.0
S00207,27,walk_in,middle,1,1.5,0.968,3.0,0,45,945.0
S00208,25,referral,middle,2,2.7,0.788,5.0,0,60,1575.0
S00209,25,organic,elementary,2,1.3,0.897,5.0,0,95,1575.0
S00210,25,organic,middle,1,1.5,0.934,1.98,1,95,623.7
S00211,25,organic,middle,1,2.3,0.841,5.0,0,95,1575.0
S00212,22,organic,middle,1,1.2,0.708,8.0,0,95,2520.0
S00213,22,paid,middle,1,1.5,0.933,8.0,0,495,2520.0
S00214,12,referral,middle,1,3.2,0.889,4.98,1,60,1568.7
S00215,27,organic,elementary,1,3.0,0.89,3.0,0,95,945.0
S00216,25,referral,high,1,2.2,1.0,5.0,0,60,1575.0
S00217,2,referral,middle,2,1.9,0.905,28.0,0,60,8820.0
S00218,28,organic,middle,2,0.8,0.999,2.0,0,95,630.0
S00219,24,referral,high,2,2.2,1.0,6.0,0,60,1890.0
S00220,4,walk_in,high,1,1.7,0.822,0.5,1,45,157.5
S00221,20,organic,high,1,1.9,1.0,6.19,1,95,1949.85
S00222,16,paid,high,2,1.2,1.0,14.0,0,495,4410.0
S00223,10,paid,high,1,1.6,0.944,20.0,0,495,6300.0
S00224,22,paid,high,2,1.5,1.0,8.0,0,495,2520.0
S00225,13,organic,elementary,1,1.9,0.938,17.0,0,95,5355.0
S00226,12,paid,high,1,2.9,0.703,6.35,1,495,2000.25
S00227,3,paid,elementary,1,2.0,0.965,10.87,1,495,3424.05
S00228,17,referral,elementary,1,0.2,0.957,12.39,1,60,3902.85
S00229,9,referral,elementary,1,0.8,0.939,5.61,1,60,1767.15
S00230,9,organic,middle,1,0.2,0.938,21.0,0,95,6615.0
S00231,21,referral,elementary,2,0.9,1.0,9.0,0,60,2835.0
S00232,28,referral,high,1,2.2,0.892,2.0,0,60,630.0
S00233,16,walk_in,high,1,2.0,0.763,14.0,0,45,4410.0
S00234,27,organic,high,1,1.1,0.934,3.0,0,95,945.0
S00235,27,organic,elementary,1,1.9,0.925,3.0,0,95,945.0
S00236,14,paid,middle,1,1.0,0.805,1.8,1,495,567.0
S00237,7,organic,high,1,0.4,0.864,5.15,1,95,1622.25
S00238,26,paid,elementary,2,0.4,0.89,0.5,1,495,157.5
S00239,6,walk_in,elementary,1,0.9,0.823,24.0,0,45,7560.0
S00240,4,organic,elementary,1,2.9,0.838,19.68,1,95,6199.2
S00241,22,organic,middle,2,0.5,1.0,5.43,1,95,1710.45
S00242,22,paid,elementary,1,2.8,1.0,8.0,0,495,2520.0
S00243,28,paid,middle,2,2.8,0.955,2.0,0,495,630.0
S00244,0,organic,middle,2,1.5,0.995,30.0,0,95,9450.0
S00245,11,paid,high,1,1.6,0.984,8.38,1,495,2639.7
S00246,16,organic,middle,1,1.1,1.0,14.0,0,95,4410.0
S00247,11,paid,high,2,1.6,0.837,19.0,0,495,5985.0
S00248,0,referral,elementary,1,2.2,0.907,2.27,1,60,715.05
S00249,1,organic,high,2,1.7,0.909,29.0,0,95,9135.0
S00250,12,organic,high,2,2.6,0.819,18.0,0,95,5670.0
S00251,7,paid,high,2,2.7,0.778,23.0,0,495,7245.0
S00252,11,organic,elementary,1,2.0,0.784,4.77,1,95,1502.55
S00253,27,organic,college,2,1.9,0.835,3.0,0,95,945.0
S00254,0,organic,middle,1,1.6,0.722,30.0,0,95,9450.0
S00255,29,paid,elementary,1,2.0,0.897,1.0,0,495,315.0
S00256,29,organic,middle,1,0.7,0.896,1.0,0,95,315.0
S00257,14,referral,middle,1,2.0,0.852,2.11,1,60,664.65
S00258,3,paid,middle,2,1.8,0.906,5.12,1,495,1612.8
S00259,25,organic,elementary,1,0.9,0.969,0.5,1,95,157.5
S00260,23,organic,elementary,1,3.6,0.703,7.0,0,95,2205.0
S00261,6,referral,middle,2,0.8,0.902,24.0,0,60,7560.0
S00262,12,organic,high,1,0.9,0.713,15.29,1,95,4816.35
S00263,19,organic,middle,1,1.9,0.6,3.33,1,95,1048.95
S00264,29,organic,elementary,1,0.0,0.717,1.0,0,95,315.0
S00265,27,organic,middle,1,0.9,1.0,3.0,0,95,945.0
S00266,29,walk_in,elementary,1,0.3,0.716,1.0,0,45,315.0
S00267,10,organic,elementary,2,0.8,0.966,13.47,1,95,4243.05
S00268,16,organic,college,2,1.5,1.0,0.71,1,95,223.65
S00269,19,referral,elementary,2,1.9,0.814,7.09,1,60,2233.35
S00270,6,paid,middle,1,2.6,0.992,24.0,0,495,7560.0
S00271,22,organic,middle,2,2.4,1.0,8.0,0,95,2520.0
S00272,10,paid,elementary,2,2.7,0.932,3.61,1,495,1137.15
S00273,4,walk_in,high,1,2.2,1.0,0.59,1,45,185.85
S00274,28,organic,college,1,1.2,0.945,2.0,0,95,630.0
S00275,7,referral,elementary,2,2.7,0.748,23.0,0,60,7245.0
S00276,27,organic,middle,1,1.2,0.934,3.0,0,95,945.0
S00277,17,referral,middle,1,1.1,0.832,13.0,0,60,4095.0
S00278,10,referral,elementary,2,3.0,0.672,20.0,0,60,6300.0
S00279,7,referral,high,1,2.4,0.682,7.24,1,60,2280.6
S00280,20,paid,high,1,1.8,1.0,3.82,1,495,1203.3
S00281,4,organic,high,1,2.3,0.768,1.98,1,95,623.7
S00282,2,organic,high,2,2.4,0.84,12.4,1,95,3906.0
S00283,4,paid,elementary,1,0.4,0.84,4.72,1,495,1486.8
S00284,20,referral,elementary,1,1.6,0.874,1.37,1,60,431.55
S00285,23,organic,middle,2,0.6,0.898,7.0,0,95,2205.0
S00286,22,organic,high,1,1.8,0.805,1.5,1,95,472.5
S00287,13,paid,middle,2,1.0,0.773,17.0,0,495,5355.0
S00288,5,referral,middle,1,2.9,0.645,16.92,1,60,5329.8
S00289,16,walk_in,high,2,2.1,0.775,0.5,1,45,157.5
S00290,28,organic,elementary,2,0.9,0.943,2.0,0,95,630.0
S00291,19,organic,elementary,2,1.6,1.0,11.0,0,95,3465.0
S00292,2,referral,elementary,1,0.6,1.0,28.0,0,60,8820.0
S00293,9,paid,college,1,1.7,1.0,10.22,1,495,3219.3
S00294,10,referral,elementary,2,2.1,0.91,0.5,1,60,157.5
S00295,19,walk_in,elementary,2,1.9,0.857,0.5,1,45,157.5
S00296,3,walk_in,middle,1,0.0,0.786,5.29,1,45,1666.35
S00297,13,referral,middle,1,1.3,0.873,17.0,0,60,5355.0
S00298,27,referral,elementary,1,2.1,0.601,3.0,0,60,945.0
S00299,2,paid,high,2,1.9,0.833,0.53,1,495,166.95
S00300,17,paid,elementary,1,2.7,0.989,13.0,0,495,4095.0
S00301,15,organic,high,1,0.5,0.946,3.65,1,95,1149.75
S00302,7,referral,elementary,1,2.1,0.962,2.4,1,60,756.0
S00303,14,referral,high,2,1.1,0.861,5.12,1,60,1612.8
S00304,1,referral,elementary,1,1.8,0.7,10.47,1,60,3298.05
S00305,20,paid,high,2,2.0,0.809,10.0,0,495,3150.0
S00306,5,organic,high,2,2.3,0.805,9.84,1,95,3099.6
S00307,28,paid,elementary,1,1.1,1.0,2.0,0,495,630.0
S00308,29,organic,elementary,2,1.8,1.0,1.0,0,95,315.0
S00309,1,referral,middle,1,0.6,0.824,29.0,0,60,9135.0
S00310,15,paid,middle,1,0.4,0.875,6.04,1,495,1902.6
S00311,18,paid,middle,1,2.1,0.822,12.0,0,495,3780.0
S00312,26,paid,high,1,1.6,0.822,0.5,1,495,157.5
S00313,21,referral,middle,1,0.2,0.787,0.53,1,60,166.95
S00314,14,paid,middle,1,0.9,0.902,12.6,1,495,3969.0
S00315,14,referral,middle,1,1.7,0.896,10.67,1,60,3361.05
S00316,11,walk_in,middle,2,3.0,0.86,19.0,0,45,5985.0
S00317,12,paid,middle,1,2.6,0.683,9.86,1,495,3105.9
S00318,6,organic,elementary,1,2.4,0.812,24.0,0,95,7560.0
S00319,21,referral,elementary,2,0.0,0.761,9.0,0,60,2835.0
S00320,17,walk_in,elementary,1,1.6,0.961,13.0,0,45,4095.0
S00321,16,organic,elementary,1,2.1,0.726,14.0,0,95,4410.0
S00322,16,referral,high,1,2.0,0.813,14.0,0,60,4410.0
S00323,12,referral,elementary,1,2.0,0.794,1.31,1,60,412.65
S00324,25,walk_in,elementary,1,1.4,0.806,5.0,0,45,1575.0
S00325,19,organic,middle,2,3.2,0.693,3.47,1,95,1093.05
S00326,6,organic,middle,2,3.0,0.624,1.08,1,95,340.2
S00327,18,walk_in,elementary,1,1.6,1.0,12.0,0,45,3780.0
S00328,12,organic,middle,2,0.8,0.945,17.11,1,95,5389.65
S00329,2,organic,middle,1,3.5,0.805,3.76,1,95,1184.4
S00330,10,paid,high,1,1.2,1.0,2.21,1,495,696.15
S00331,10,paid,college,2,2.7,0.821,8.3,1,495,2614.5
S00332,21,referral,high,1,3.4,0.841,9.0,0,60,2835.0
S00333,26,organic,middle,1,0.8,0.9,4.0,0,95,1260.0
S00334,12,walk_in,middle,1,1.9,0.978,0.5,1,45,157.5
S00335,4,organic,middle,2,1.3,0.95,26.0,0,95,8190.0
S00336,21,referral,elementary,1,2.1,0.873,9.0,0,60,2835.0
S00337,15,organic,college,1,1.9,0.82,5.1,1,95,1606.5
S00338,1,paid,elementary,1,3.4,0.811,1.05,1,495,330.75
S00339,19,organic,elementary,1,2.2,0.962,8.69,1,95,2737.35
S00340,12,organic,high,1,1.6,0.633,12.54,1,95,3950.1
S00341,3,organic,middle,1,2.7,0.798,1.85,1,95,582.75
S00342,27,referral,elementary,2,1.4,0.845,3.0,0,60,945.0
S00343,6,paid,college,1,1.3,0.842,5.91,1,495,1861.65
S00344,18,organic,middle,1,3.7,0.55,3.34,1,95,1052.1
S00345,9,walk_in,middle,2,0.9,0.993,5.77,1,45,1817.55
S00346,11,walk_in,elementary,1,1.2,0.787,19.0,0,45,5985.0
S00347,17,walk_in,high,2,1.7,0.852,7.46,1,45,2349.9
S00348,0,organic,elementary,1,0.7,0.847,30.0,0,95,9450.0
S00349,3,paid,middle,2,0.0,0.77,9.27,1,495,2920.05
S00350,6,organic,high,1,2.6,0.768,24.0,0,95,7560.0
S00351,23,organic,college,2,0.9,0.71,3.66,1,95,1152.9
S00352,7,organic,high,1,1.2,0.776,5.46,1,95,1719.9
S00353,20,paid,high,1,1.3,0.84,6.08,1,495,1915.2
S00354,22,organic,elementary,2,0.8,0.917,8.0,0,95,2520.0
S00355,24,organic,elementary,1,0.7,0.908,6.0,0,95,1890.0
S00356,18,referral,middle,1,1.8,0.837,12.0,0,60,3780.0
S00357,7,paid,elementary,2,3.8,1.0,23.0,0,495,7245.0
S00358,6,organic,college,1,2.3,0.878,1.66,1,95,522.9
S00359,16,paid,elementary,1,2.3,0.696,0.5,1,495,157.5
S00360,5,organic,middle,2,0.3,0.873,25.0,0,95,7875.0
S00361,25,paid,elementary,1,1.6,0.789,1.5,1,495,472.5
S00362,18,organic,elementary,1,0.6,0.887,3.09,1,95,973.35
S00363,13,paid,middle,2,2.3,0.784,0.5,1,495,157.5
S00364,6,paid,elementary,1,1.4,0.777,24.0,0,495,7560.0
S00365,17,paid,high,1,1.7,1.0,13.0,0,495,4095.0
S00366,12,paid,high,2,1.6,0.886,3.19,1,495,1004.85
S00367,12,referral,middle,1,1.1,0.847,18.0,0,60,5670.0
S00368,22,referral,high,2,0.3,0.912,6.65,1,60,2094.75
S00369,22,organic,high,2,2.2,0.831,8.0,0,95,2520.0
S00370,18,organic,middle,2,0.4,1.0,12.0,0,95,3780.0
S00371,18,organic,high,1,0.6,0.959,12.0,0,95,3780.0
S00372,21,walk_in,high,1,1.4,0.994,9.0,0,45,2835.0
S00373,22,walk_in,middle,2,1.0,0.566,8.0,0,45,2520.0
S00374,19,organic,middle,2,1.9,0.904,11.0,0,95,3465.0
S00375,29,walk_in,high,1,2.6,0.933,1.0,0,45,315.0
S00376,16,organic,college,1,1.9,1.0,9.74,1,95,3068.1
S00377,23,paid,middle,1,1.8,0.856,6.65,1,495,2094.75
S00378,23,paid,elementary,1,1.7,0.668,2.07,1,495,652.05
S00379,17,walk_in,high,1,2.4,0.891,13.0,0,45,4095.0
S00380,12,organic,high,1,0.0,0.868,18.0,0,95,5670.0
S00381,7,organic,elementary,2,2.0,0.667,23.0,0,95,7245.0
S00382,3,paid,middle,1,0.8,0.83,14.73,1,495,4639.95
S00383,15,organic,elementary,1,0.5,1.0,15.0,0,95,4725.0
S00384,19,organic,high,1,1.7,0.99,2.59,1,95,815.85
S00385,28,paid,middle,1,1.3,0.955,2.0,0,495,630.0
S00386,25,walk_in,elementary,1,2.2,0.72,4.18,1,45,1316.7
S00387,29,referral,elementary,2,2.6,1.0,1.0,0,60,315.0
S00388,11,referral,middle,1,0.0,0.805,2.68,1,60,844.2
S00389,3,referral,college,1,1.6,0.853,1.85,1,60,582.75
S00390,18,referral,elementary,2,3.4,0.642,1.62,1,60,510.3
S00391,20,referral,middle,2,2.4,0.991,2.1,1,60,661.5
S00392,22,paid,college,2,2.9,0.873,0.5,1,495,157.5
S00393,0,referral,elementary,2,1.7,0.975,30.0,0,60,9450.0
S00394,15,organic,elementary,1,0.4,0.926,13.17,1,95,4148.55
S00395,3,organic,high,1,0.6,0.9,14.84,1,95,4674.6
S00396,28,referral,elementary,1,2.3,0.85,2.0,0,60,630.0
S00397,11,organic,high,2,2.5,0.634,15.19,1,95,4784.85
S00398,13,walk_in,high,2,1.0,1.0,1.5,1,45,472.5
S00399,2,paid,elementary,1,1.4,0.972,3.1,1,495,976.5
S00400,3,organic,middle,2,1.9,0.826,27.0,0,95,8505.0
S00401,19,walk_in,middle,2,0.1,0.948,11.0,0,45,3465.0
S00402,7,organic,high,2,1.3,0.929,6.62,1,95,2085.3
S00403,14,paid,elementary,1,3.1,0.968,0.5,1,495,157.5
S00404,2,organic,middle,1,3.6,0.82,5.74,1,95,1808.1
S00405,11,walk_in,elementary,1,1.5,0.872,19.0,0,45,5985.0
S00406,27,paid,elementary,2,3.3,0.75,3.0,0,495,945.0
S00407,25,referral,elementary,2,1.2,0.735,5.0,0,60,1575.0
S00408,21,organic,high,2,0.9,0.849,3.05,1,95,960.75
S00409,10,referral,high,2,0.0,0.963,20.0,0,60,6300.0
S00410,16,referral,middle,2,2.5,0.814,11.69,1,60,3682.35
S00411,7,paid,high,1,1.3,0.885,1.12,1,495,352.8
S00412,4,walk_in,middle,2,3.8,0.866,11.13,1,45,3505.95
S00413,8,paid,elementary,1,1.9,0.897,1.1,1,495,346.5
S00414,20,paid,middle,2,1.8,0.904,10.0,0,495,3150.0
S00415,0,referral,college,1,0.0,1.0,25.02,1,60,7881.3
S00416,16,referral,middle,2,3.0,0.84,14.0,0,60,4410.0
S00417,21,organic,middle,2,1.3,0.893,9.0,0,95,2835.0
S00418,0,paid,college,1,1.5,0.919,25.27,1,495,7960.05
S00419,19,organic,elementary,2,0.0,0.765,4.28,1,95,1348.2
S00420,1,paid,high,2,2.5,0.98,0.5,1,495,157.5
S00421,12,referral,elementary,1,2.5,0.681,18.0,0,60,5670.0
S00422,0,organic,high,1,1.1,0.978,1.94,1,95,611.1
S00423,24,referral,high,1,1.7,0.86,6.0,0,60,1890.0
S00424,20,organic,high,1,2.0,0.967,2.81,1,95,885.15
S00425,9,walk_in,college,2,2.5,0.847,21.0,0,45,6615.0
S00426,22,paid,high,2,1.7,0.775,1.12,1,495,352.8
S00427,6,paid,college,1,3.2,0.909,4.42,1,495,1392.3
S00428,13,referral,elementary,1,1.4,0.893,6.21,1,60,1956.15
S00429,0,paid,middle,1,1.1,0.899,2.55,1,495,803.25
S00430,29,referral,elementary,1,1.2,0.89,1.0,0,60,315.0
S00431,5,organic,elementary,1,0.0,1.0,25.0,0,95,7875.0
S00432,13,paid,middle,1,0.9,0.985,5.63,1,495,1773.45
S00433,13,paid,high,1,2.6,0.844,0.5,1,495,157.5
S00434,4,walk_in,high,1,1.9,0.679,6.57,1,45,2069.55
S00435,9,organic,elementary,2,0.9,0.871,0.59,1,95,185.85
S00436,20,paid,college,2,2.0,0.877,10.0,0,495,3150.0
S00437,13,paid,elementary,1,0.0,1.0,10.11,1,495,3184.65
S00438,3,paid,elementary,2,1.4,0.935,22.67,1,495,7141.05
S00439,1,organic,high,2,2.1,0.851,5.34,1,95,1682.1
S00440,2,paid,high,2,2.3,0.984,6.56,1,495,2066.4
S00441,0,organic,high,2,1.0,0.899,1.31,1,95,412.65
S00442,23,organic,middle,1,2.5,0.82,3.99,1,95,1256.85
S00443,20,referral,middle,2,3.3,0.825,10.0,0,60,3150.0
S00444,11,organic,high,1,1.3,0.713,10.57,1,95,3329.55
S00445,12,paid,middle,1,2.3,0.938,9.76,1,495,3074.4
S00446,10,referral,high,1,0.2,0.974,19.76,1,60,6224.4
S00447,23,referral,high,1,0.0,0.905,7.0,0,60,2205.0
S00448,17,paid,middle,2,2.2,0.731,0.8,1,495,252.0
S00449,25,referral,high,1,1.7,0.883,5.0,0,60,1575.0
S00450,7,paid,middle,2,1.8,1.0,2.77,1,495,872.55
S00451,10,paid,high,2,1.1,0.836,3.78,1,495,1190.7
S00452,6,referral,middle,2,1.4,0.776,24.0,0,60,7560.0
S00453,13,paid,middle,1,2.4,0.874,3.47,1,495,1093.05
S00454,18,paid,middle,1,3.2,0.616,1.6,1,495,504.0
S00455,22,paid,middle,1,1.5,0.624,2.64,1,495,831.6
S00456,20,paid,middle,2,0.2,0.898,6.82,1,495,2148.3
S00457,4,paid,elementary,1,2.8,0.734,2.0,1,495,630.0
S00458,0,referral,college,1,2.2,0.807,1.56,1,60,491.4
S00459,24,paid,college,1,2.3,0.772,0.71,1,495,223.65
S00460,7,paid,elementary,1,1.8,0.892,3.06,1,495,963.9
S00461,11,referral,college,1,3.7,0.745,2.66,1,60,837.9
S00462,17,paid,middle,1,1.7,0.794,0.82,1,495,258.3
S00463,7,organic,elementary,2,2.1,0.811,23.0,0,95,7245.0
S00464,1,referral,high,1,0.0,1.0,0.5,1,60,157.5
S00465,14,paid,middle,2,1.1,1.0,16.0,0,495,5040.0
S00466,4,referral,high,2,1.0,1.0,2.79,1,60,878.85
S00467,19,referral,high,1,1.6,0.941,1.77,1,60,557.55
S00468,24,paid,middle,2,2.0,0.504,6.0,0,495,1890.0
S00469,25,referral,elementary,1,1.0,0.781,5.0,0,60,1575.0
S00470,5,organic,high,1,3.2,0.758,1.1,1,95,346.5
S00471,24,paid,high,2,0.7,0.948,6.0,0,495,1890.0
S00472,20,referral,high,2,1.2,0.725,10.0,0,60,3150.0
S00473,1,paid,elementary,1,1.9,1.0,1.72,1,495,541.8
S00474,4,paid,high,2,0.5,0.967,1.05,1,495,330.75
S00475,4,paid,high,1,2.2,0.769,21.84,1,495,6879.6
S00476,26,paid,middle,1,2.2,0.856,4.0,0,495,1260.0
S00477,10,paid,middle,1,1.4,0.835,5.64,1,495,1776.6
S00478,17,paid,middle,1,3.4,0.7,13.0,0,495,4095.0
S00479,1,organic,elementary,1,1.7,0.916,6.62,1,95,2085.3
S00480,25,organic,elementary,1,1.9,0.801,5.0,0,95,1575.0
S00481,13,organic,middle,1,0.8,0.745,17.0,0,95,5355.0
S00482,27,paid,elementary,2,0.1,0.882,3.0,0,495,945.0
S00483,13,walk_in,high,2,1.1,0.895,17.0,0,45,5355.0
S00484,20,organic,middle,1,1.4,0.755,10.0,0,95,3150.0
S00485,15,paid,middle,1,1.2,1.0,10.8,1,495,3402.0
S00486,23,organic,elementary,2,2.3,0.733,0.5,1,95,157.5
S00487,10,paid,middle,1,0.0,1.0,20.0,0,495,6300.0
S00488,5,walk_in,high,1,0.6,1.0,20.47,1,45,6448.05
S00489,7,walk_in,middle,2,0.0,0.853,23.0,0,45,7245.0
S00490,22,organic,middle,1,2.9,0.821,0.5,1,95,157.5
S00491,17,organic,middle,2,1.1,1.0,13.0,0,95,4095.0
S00492,19,walk_in,middle,2,1.2,0.882,8.0,1,45,2520.0
S00493,1,paid,high,1,0.7,0.774,0.64,1,495,201.6
S00494,27,paid,elementary,1,2.5,0.837,0.5,1,495,157.5
S00495,1,organic,middle,1,1.3,1.0,13.79,1,95,4343.85
S00496,0,referral,high,1,1.9,0.688,19.19,1,60,6044.85
S00497,22,organic,elementary,2,0.0,1.0,8.0,0,95,2520.0
S00498,22,paid,college,1,2.7,0.817,8.0,0,495,2520.0
S00499,5,organic,middle,1,2.0,0.834,7.13,1,95,2245.95
S00500,23,paid,elementary,2,2.2,0.815,7.0,0,495,2205.0
S00501,4,referral,high,1,2.8,0.776,8.09,1,60,2548.35
S00502,26,referral,high,1,1.5,0.984,4.0,0,60,1260.0
S00503,7,paid,middle,1,1.5,0.935,5.52,1,495,1738.8
S00504,1,referral,high,1,2.3,0.724,4.44,1,60,1398.6
S00505,17,paid,elementary,2,2.0,1.0,9.59,1,495,3020.85
S00506,9,organic,middle,1,1.4,0.732,10.98,1,95,3458.7
S00507,7,paid,high,1,1.7,0.934,9.04,1,495,2847.6
S00508,6,organic,high,2,1.2,0.924,12.91,1,95,4066.65
S00509,19,organic,middle,1,2.3,0.966,2.65,1,95,834.75
S00510,13,referral,middle,2,2.5,0.884,2.58,1,60,812.7
S00511,19,referral,middle,1,1.7,0.977,11.0,0,60,3465.0
S00512,19,organic,middle,1,3.3,0.786,11.0,0,95,3465.0
S00513,12,referral,middle,1,0.3,1.0,12.27,1,60,3865.05
S00514,24,referral,high,2,1.4,0.933,6.0,0,60,1890.0
S00515,27,paid,high,1,3.2,1.0,2.29,1,495,721.35
S00516,16,organic,high,1,1.3,0.803,3.42,1,95,1077.3
S00517,22,paid,high,1,0.2,1.0,2.49,1,495,784.35
S00518,14,organic,elementary,1,2.9,0.858,9.83,1,95,3096.45
S00519,4,paid,high,1,2.1,0.863,0.61,1,495,192.15
S00520,22,organic,middle,1,0.6,0.849,0.5,1,95,157.5
S00521,6,paid,high,2,2.4,0.899,1.55,1,495,488.25
S00522,4,organic,elementary,1,0.7,0.744,6.91,1,95,2176.65
S00523,3,paid,middle,1,0.4,0.769,1.56,1,495,491.4
S00524,29,paid,high,1,1.5,0.949,0.5,1,495,157.5
S00525,21,paid,elementary,1,1.2,0.713,9.0,0,495,2835.0
S00526,26,organic,elementary,2,0.7,1.0,4.0,0,95,1260.0
S00527,5,walk_in,middle,1,1.3,0.849,16.39,1,45,5162.85
S00528,20,organic,high,2,0.8,0.95,10.0,0,95,3150.0
S00529,13,organic,elementary,1,1.7,0.87,0.5,1,95,157.5
S00530,1,organic,high,2,1.6,0.932,4.95,1,95,1559.25
S00531,2,organic,elementary,2,2.3,0.824,7.14,1,95,2249.1
S00532,27,paid,elementary,1,1.2,0.844,3.0,0,495,945.0
S00533,26,referral,middle,2,0.5,0.922,4.0,0,60,1260.0
S00534,8,referral,high,2,0.5,1.0,8.03,1,60,2529.45
S00535,22,organic,high,1,1.4,1.0,3.15,1,95,992.25
S00536,23,organic,high,2,3.0,0.963,7.0,0,95,2205.0
S00537,19,organic,elementary,1,2.4,0.87,11.0,0,95,3465.0
S00538,27,referral,high,1,1.1,0.867,3.0,0,60,945.0
S00539,20,paid,middle,2,2.5,0.661,10.0,0,495,3150.0
S00540,2,walk_in,middle,2,0.6,1.0,24.74,1,45,7793.1
S00541,10,paid,high,1,2.6,0.914,20.0,0,495,6300.0
S00542,11,paid,high,1,1.3,0.835,0.5,1,495,157.5
S00543,5,referral,middle,1,2.4,0.919,25.0,0,60,7875.0
S00544,25,referral,high,2,2.2,1.0,5.0,0,60,1575.0
S00545,0,organic,elementary,1,1.4,0.886,0.59,1,95,185.85
S00546,23,organic,elementary,2,2.0,0.985,7.0,0,95,2205.0
S00547,12,paid,high,2,0.7,0.961,18.0,0,495,5670.0
S00548,0,paid,elementary,2,1.6,0.696,5.25,1,495,1653.75
S00549,27,organic,middle,1,2.6,0.769,0.5,1,95,157.5
S00550,23,paid,middle,2,4.0,0.733,1.54,1,495,485.1
S00551,0,paid,elementary,2,2.3,0.913,2.59,1,495,815.85
S00552,23,organic,high,1,1.7,0.767,0.5,1,95,157.5
S00553,5,organic,high,1,0.7,0.859,10.01,1,95,3153.15
S00554,4,organic,elementary,1,2.6,0.716,9.83,1,95,3096.45
S00555,15,organic,elementary,2,0.2,0.945,6.07,1,95,1912.05
S00556,8,walk_in,high,1,0.9,0.906,6.72,1,45,2116.8
S00557,2,organic,high,2,2.0,0.976,7.97,1,95,2510.55
S00558,15,organic,high,1,0.6,0.999,15.0,0,95,4725.0
S00559,8,organic,middle,2,3.0,0.842,5.31,1,95,1672.65
S00560,9,paid,middle,2,2.6,0.868,5.29,1,495,1666.35
S00561,22,organic,middle,2,1.1,0.921,8.0,0,95,2520.0
S00562,4,paid,elementary,2,1.2,0.917,15.28,1,495,4813.2
S00563,6,organic,middle,1,0.5,1.0,19.03,1,95,5994.45
S00564,16,organic,elementary,2,0.4,0.667,4.06,1,95,1278.9
S00565,9,referral,elementary,1,2.1,0.825,21.0,0,60,6615.0
S00566,17,organic,middle,1,2.2,0.874,0.67,1,95,211.05
S00567,8,paid,elementary,2,2.0,0.993,9.4,1,495,2961.0
S00568,7,paid,middle,2,1.9,0.753,13.54,1,495,4265.1
S00569,6,paid,high,2,1.2,0.943,24.0,0,495,7560.0
S00570,0,referral,high,1,2.0,0.943,30.0,0,60,9450.0
S00571,24,organic,college,2,0.3,0.896,6.0,0,95,1890.0
S00572,9,walk_in,high,2,1.7,0.672,1.43,1,45,450.45
S00573,28,walk_in,middle,1,3.0,0.764,2.0,0,45,630.0
S00574,28,paid,high,1,2.9,0.676,1.18,1,495,371.7
S00575,17,organic,middle,2,1.2,0.976,13.0,0,95,4095.0
S00576,27,paid,high,1,1.4,0.782,0.5,1,495,157.5
S00577,7,paid,elementary,2,2.9,1.0,23.0,0,495,7245.0
S00578,3,referral,middle,2,3.3,0.826,26.0,1,60,8190.0
S00579,7,organic,college,2,0.3,0.856,12.18,1,95,3836.7
S00580,5,walk_in,middle,2,1.3,0.844,25.0,0,45,7875.0
S00581,20,walk_in,middle,2,1.9,0.753,3.5,1,45,1102.5
S00582,8,organic,high,2,2.8,0.875,7.75,1,95,2441.25
S00583,21,organic,middle,1,0.9,1.0,9.0,0,95,2835.0
S00584,25,organic,high,1,2.2,0.816,2.15,1,95,677.25
S00585,24,referral,elementary,2,1.4,0.997,6.0,0,60,1890.0
S00586,5,walk_in,elementary,2,3.8,0.684,25.0,0,45,7875.0
S00587,4,walk_in,elementary,2,2.0,0.902,3.81,1,45,1200.15
S00588,24,paid,elementary,1,1.5,1.0,4.1,1,495,1291.5
S00589,5,paid,college,1,1.4,0.721,16.34,1,495,5147.1
S00590,25,paid,elementary,1,2.6,0.957,5.0,0,495,1575.0
S00591,10,paid,elementary,2,2.3,0.984,8.6,1,495,2709.0
S00592,13,walk_in,middle,2,0.7,0.72,17.0,0,45,5355.0
S00593,12,paid,high,1,1.9,0.695,6.41,1,495,2019.15
S00594,28,organic,high,1,0.4,0.813,2.0,0,95,630.0
S00595,24,paid,middle,1,1.0,1.0,0.51,1,495,160.65
S00596,4,organic,elementary,1,0.5,0.869,25.91,1,95,8161.65
S00597,2,referral,high,1,0.5,0.898,6.97,1,60,2195.55
S00598,22,referral,elementary,1,1.0,0.971,8.0,0,60,2520.0
S00599,8,paid,elementary,1,0.8,0.915,19.38,1,495,6104.7
S00600,17,referral,elementary,2,2.1,0.889,7.19,1,60,2264.85
S00601,3,referral,middle,1,2.4,0.795,3.03,1,60,954.45
S00602,2,organic,college,2,1.4,1.0,6.03,1,95,1899.45
S00603,24,organic,high,1,0.6,0.826,2.66,1,95,837.9
S00604,22,organic,middle,1,2.4,1.0,5.05,1,95,1590.75
S00605,21,organic,middle,2,0.0,0.921,9.0,0,95,2835.0
S00606,28,organic,high,1,0.0,0.851,2.0,0,95,630.0
S00607,24,paid,middle,2,2.3,0.926,6.0,0,495,1890.0
S00608,18,walk_in,middle,2,2.3,0.904,12.0,0,45,3780.0
S00609,9,organic,elementary,2,2.5,0.628,16.35,1,95,5150.25
S00610,6,walk_in,elementary,1,1.5,0.895,24.0,0,45,7560.0
S00611,15,paid,high,2,0.5,0.787,0.5,1,495,157.5
S00612,24,referral,middle,2,1.2,0.813,3.8,1,60,1197.0
S00613,26,paid,high,2,2.2,0.946,4.0,0,495,1260.0
S00614,7,organic,elementary,1,1.0,0.798,16.74,1,95,5273.1
S00615,0,referral,high,1,1.0,0.932,6.9,1,60,2173.5
S00616,0,organic,middle,2,0.4,0.898,30.0,0,95,9450.0
S00617,24,organic,high,1,0.6,1.0,6.0,0,95,1890.0
S00618,26,referral,middle,1,2.4,0.819,0.99,1,60,311.85
S00619,23,paid,middle,1,2.1,0.714,5.41,1,495,1704.15
S00620,27,organic,high,2,0.6,0.809,3.0,0,95,945.0
S00621,13,organic,middle,1,0.7,0.807,17.0,0,95,5355.0
S00622,20,walk_in,high,2,1.2,0.918,10.0,0,45,3150.0
S00623,23,organic,elementary,2,2.2,0.858,3.03,1,95,954.45
S00624,16,referral,middle,1,0.6,1.0,14.0,0,60,4410.0
S00625,22,organic,middle,2,1.5,0.909,8.0,0,95,2520.0
S00626,26,referral,elementary,2,0.0,0.972,4.0,0,60,1260.0
S00627,5,organic,elementary,2,0.5,0.971,6.85,1,95,2157.75
S00628,25,paid,middle,2,2.0,0.853,3.95,1,495,1244.25
S00629,29,organic,elementary,1,2.5,0.857,1.0,0,95,315.0
S00630,8,paid,high,1,0.6,0.997,13.53,1,495,4261.95
S00631,28,referral,elementary,2,1.0,0.999,2.0,0,60,630.0
S00632,15,organic,elementary,1,2.4,0.769,15.0,0,95,4725.0
S00633,7,organic,college,1,1.3,0.684,23.0,0,95,7245.0
S00634,24,referral,middle,2,1.2,0.814,6.0,0,60,1890.0
S00635,28,paid,middle,2,2.1,0.894,2.0,0,495,630.0
S00636,14,organic,elementary,2,1.8,0.602,4.45,1,95,1401.75
S00637,16,paid,elementary,2,2.7,0.783,11.26,1,495,3546.9
S00638,2,paid,middle,1,2.4,0.878,0.5,1,495,157.5
S00639,15,referral,high,2,1.1,0.845,15.0,0,60,4725.0
S00640,5,organic,elementary,1,1.6,0.742,6.04,1,95,1902.6
S00641,23,referral,high,1,1.6,1.0,7.0,0,60,2205.0
S00642,3,paid,college,2,0.4,1.0,27.0,0,495,8505.0
S00643,27,referral,middle,2,0.8,0.892,3.0,0,60,945.0
S00644,6,organic,middle,2,2.5,0.99,2.46,1,95,774.9
S00645,7,referral,elementary,1,0.2,1.0,23.0,0,60,7245.0
S00646,11,referral,elementary,1,2.6,0.695,19.0,0,60,5985.0
S00647,3,paid,middle,2,1.9,1.0,5.93,1,495,1867.95
S00648,16,organic,high,2,1.5,0.786,14.0,0,95,4410.0
S00649,25,walk_in,elementary,1,2.1,0.813,5.0,0,45,1575.0
S00650,15,referral,high,2,2.1,0.741,2.27,1,60,715.05
S00651,13,organic,high,1,2.8,0.819,9.86,1,95,3105.9
S00652,29,referral,elementary,1,1.3,0.733,1.0,0,60,315.0
S00653,16,organic,elementary,2,1.5,0.888,1.97,1,95,620.55
S00654,19,paid,high,1,1.4,0.992,6.18,1,495,1946.7
S00655,14,referral,high,2,3.4,0.827,6.42,1,60,2022.3
S00656,2,paid,middle,2,2.5,0.815,28.0,0,495,8820.0
S00657,26,organic,high,1,0.8,1.0,4.0,0,95,1260.0
S00658,29,organic,elementary,2,1.4,0.794,1.0,0,95,315.0
S00659,17,organic,middle,1,1.0,0.997,6.36,1,95,2003.4
S00660,16,organic,elementary,1,1.7,0.826,5.55,1,95,1748.25
S00661,21,organic,middle,1,1.9,0.874,9.0,0,95,2835.0
S00662,29,organic,elementary,1,3.7,0.773,1.0,0,95,315.0
S00663,23,organic,elementary,2,0.0,0.97,7.0,0,95,2205.0
S00664,8,paid,high,2,2.6,0.833,10.02,1,495,3156.3
S00665,0,organic,middle,1,2.1,0.755,3.52,1,95,1108.8
S00666,29,referral,high,1,1.0,0.828,1.0,0,60,315.0
S00667,16,walk_in,high,2,1.5,0.937,14.0,0,45,4410.0
S00668,3,organic,middle,1,1.2,0.87,1.44,1,95,453.6
S00669,18,paid,elementary,1,1.7,0.731,7.53,1,495,2371.95
S00670,5,paid,high,1,2.6,0.741,0.67,1,495,211.05
S00671,3,organic,elementary,2,0.3,0.866,21.38,1,95,6734.7
S00672,26,organic,elementary,1,2.9,0.799,4.0,0,95,1260.0
S00673,5,walk_in,middle,1,1.3,0.896,0.8,1,45,252.0
S00674,22,paid,elementary,1,3.0,0.81,3.62,1,495,1140.3
S00675,2,referral,elementary,2,2.0,0.793,23.38,1,60,7364.7
S00676,12,organic,high,1,2.8,0.811,5.19,1,95,1634.85
S00677,12,paid,high,1,2.2,0.685,2.26,1,495,711.9
S00678,19,referral,middle,1,2.6,0.5,3.55,1,60,1118.25
S00679,23,referral,middle,2,1.7,0.872,7.0,0,60,2205.0
S00680,15,organic,elementary,1,0.9,0.712,2.83,1,95,891.45
S00681,7,paid,middle,1,2.3,0.727,7.29,1,495,2296.35
S00682,26,organic,middle,1,2.3,0.698,4.0,0,95,1260.0
S00683,26,referral,college,1,3.6,0.841,4.0,0,60,1260.0
S00684,25,organic,elementary,2,0.0,0.821,5.0,0,95,1575.0
S00685,2,organic,high,1,1.5,0.897,0.88,1,95,277.2
S00686,1,referral,college,1,2.6,0.763,1.91,1,60,601.65
S00687,10,paid,middle,1,0.5,0.775,20.0,0,495,6300.0
S00688,5,paid,high,1,1.5,0.693,6.23,1,495,1962.45
S00689,6,walk_in,high,1,3.6,0.822,24.0,0,45,7560.0
S00690,20,organic,high,1,2.9,0.845,5.13,1,95,1615.95
S00691,28,organic,elementary,1,0.9,0.978,2.0,0,95,630.0
S00692,23,paid,middle,2,3.0,1.0,7.0,0,495,2205.0
S00693,5,organic,high,1,2.7,0.841,4.96,1,95,1562.4
S00694,18,organic,elementary,1,2.4,0.856,12.0,0,95,3780.0
S00695,25,paid,middle,1,2.0,0.829,4.23,1,495,1332.45
S00696,26,walk_in,elementary,1,1.9,0.859,4.0,0,45,1260.0
S00697,15,paid,high,1,0.9,0.853,0.61,1,495,192.15
S00698,3,paid,high,2,1.2,0.8,2.28,1,495,718.2
S00699,8,organic,elementary,1,2.3,1.0,1.74,1,95,548.1
S00700,24,paid,high,1,1.8,0.646,1.59,1,495,500.85
S00701,12,referral,high,2,3.3,0.831,14.82,1,60,4668.3
S00702,8,paid,elementary,2,1.4,0.938,9.34,1,495,2942.1
S00703,3,referral,middle,2,0.0,0.968,27.0,0,60,8505.0
S00704,18,paid,high,1,1.4,0.763,1.66,1,495,522.9
S00705,18,organic,middle,2,1.9,0.845,3.09,1,95,973.35
S00706,26,paid,middle,2,2.0,0.811,4.0,0,495,1260.0
S00707,20,paid,college,1,1.7,0.737,0.5,1,495,157.5
S00708,20,organic,middle,2,0.9,0.906,2.21,1,95,696.15
S00709,13,paid,middle,1,3.0,0.751,0.5,1,495,157.5
S00710,21,referral,elementary,2,1.1,0.841,1.68,1,60,529.2
S00711,23,organic,elementary,1,2.3,0.902,7.0,0,95,2205.0
S00712,27,paid,high,1,1.4,0.751,3.0,0,495,945.0
S00713,22,referral,high,1,0.6,0.952,8.0,0,60,2520.0
S00714,23,paid,high,2,2.9,0.753,0.5,1,495,157.5
S00715,20,organic,middle,1,0.0,0.977,4.44,1,95,1398.6
S00716,20,organic,middle,2,0.9,0.917,3.22,1,95,1014.3
S00717,22,paid,middle,1,2.1,0.862,8.0,0,495,2520.0
S00718,17,paid,high,1,1.4,0.759,8.05,1,495,2535.75
S00719,12,paid,middle,1,2.4,0.737,4.64,1,495,1461.6
S00720,17,organic,middle,2,1.6,0.784,13.0,0,95,4095.0
S00721,4,referral,middle,1,1.3,0.89,16.85,1,60,5307.75
S00722,8,walk_in,high,2,3.6,0.87,5.33,1,45,1678.95
S00723,15,organic,elementary,1,1.5,0.981,0.74,1,95,233.1
S00724,29,organic,elementary,2,1.5,0.827,1.0,0,95,315.0
S00725,13,organic,elementary,2,0.7,0.927,10.91,1,95,3436.65
S00726,13,referral,elementary,1,1.0,0.707,7.27,1,60,2290.05
S00727,4,walk_in,high,1,2.3,0.582,0.66,1,45,207.9
S00728,13,organic,high,1,2.2,0.735,1.4,1,95,441.0
S00729,20,organic,high,1,1.7,0.78,10.0,0,95,3150.0
S00730,11,organic,middle,1,1.0,0.714,0.5,1,95,157.5
S00731,13,paid,elementary,2,2.3,0.65,5.71,1,495,1798.65
S00732,22,walk_in,middle,1,0.1,0.983,8.0,0,45,2520.0
S00733,20,organic,high,1,1.4,0.778,2.77,1,95,872.55
S00734,11,organic,middle,1,1.5,0.677,0.5,1,95,157.5
S00735,5,paid,middle,2,0.9,1.0,0.9,1,495,283.5
S00736,26,paid,middle,1,1.8,0.866,2.63,1,495,828.45
S00737,7,referral,elementary,1,1.1,0.844,23.0,0,60,7245.0
S00738,13,paid,middle,1,1.0,0.958,2.8,1,495,882.0
S00739,2,organic,middle,1,3.3,0.696,28.0,0,95,8820.0
S00740,8,organic,middle,1,2.4,0.994,2.12,1,95,667.8
S00741,27,walk_in,elementary,1,2.8,0.633,3.0,0,45,945.0
S00742,2,referral,high,1,1.7,0.708,27.79,1,60,8753.85
S00743,20,organic,middle,1,2.6,0.796,1.14,1,95,359.1
S00744,22,referral,middle,2,2.4,0.756,6.17,1,60,1943.55
S00745,9,organic,elementary,1,2.8,0.956,21.0,0,95,6615.0
S00746,12,referral,high,1,3.8,0.581,6.12,1,60,1927.8
S00747,1,organic,middle,1,1.5,0.78,2.66,1,95,837.9
S00748,7,referral,middle,1,1.9,0.868,18.2,1,60,5733.0
S00749,10,organic,high,2,1.6,0.937,4.66,1,95,1467.9
S00750,1,paid,high,1,0.0,1.0,10.45,1,495,3291.75
S00751,23,paid,high,1,0.4,0.947,7.0,0,495,2205.0
S00752,19,paid,middle,1,1.7,1.0,11.0,0,495,3465.0
S00753,26,organic,high,1,2.3,0.771,4.0,0,95,1260.0
S00754,18,organic,middle,2,1.2,0.912,12.0,0,95,3780.0
S00755,4,organic,college,1,2.7,0.899,3.08,1,95,970.2
S00756,2,organic,high,1,2.8,0.766,4.22,1,95,1329.3
S00757,27,organic,high,1,1.3,0.836,3.0,0,95,945.0
S00758,19,organic,high,2,3.0,0.761,11.0,0,95,3465.0
S00759,6,paid,middle,1,3.3,0.707,4.52,1,495,1423.8
S00760,29,organic,high,2,2.1,0.728,1.0,0,95,315.0
S00761,1,paid,elementary,2,0.8,0.849,1.61,1,495,507.15
S00762,16,organic,college,1,3.0,0.621,10.9,1,95,3433.5
S00763,3,organic,high,1,1.5,0.9,27.0,0,95,8505.0
S00764,0,organic,elementary,2,1.4,0.708,30.0,0,95,9450.0
S00765,0,referral,elementary,1,1.8,1.0,30.0,0,60,9450.0
S00766,9,organic,middle,1,1.2,1.0,21.0,0,95,6615.0
S00767,7,paid,high,1,2.7,0.925,0.5,1,495,157.5
S00768,23,referral,elementary,1,2.4,0.794,2.17,1,60,683.55
S00769,23,paid,college,2,2.8,0.755,7.0,0,495,2205.0
S00770,25,walk_in,middle,2,2.2,0.981,5.0,0,45,1575.0
S00771,14,walk_in,college,1,1.0,0.9,8.85,1,45,2787.75
S00772,1,organic,high,1,1.6,0.915,0.9,1,95,283.5
S00773,23,referral,middle,2,2.5,0.754,1.18,1,60,371.7
S00774,22,organic,middle,2,1.3,1.0,8.0,0,95,2520.0
S00775,2,organic,elementary,2,4.0,0.677,2.03,1,95,639.45
S00776,16,paid,elementary,2,1.5,0.889,14.0,0,495,4410.0
S00777,22,paid,middle,2,1.2,0.701,2.76,1,495,869.4
S00778,27,walk_in,high,2,2.7,0.752,3.0,0,45,945.0
S00779,4,organic,high,1,2.4,0.872,15.07,1,95,4747.05
S00780,21,referral,middle,1,1.7,0.799,9.0,0,60,2835.0
S00781,9,paid,college,1,1.5,0.808,1.64,1,495,516.6
S00782,18,organic,elementary,2,2.1,0.937,1.16,1,95,365.4
S00783,28,walk_in,college,2,2.5,0.824,0.9,1,45,283.5
S00784,19,referral,high,1,2.4,0.953,11.0,0,60,3465.0
S00785,21,organic,elementary,1,1.4,0.597,9.0,0,95,2835.0
S00786,29,walk_in,high,1,2.1,0.892,1.0,0,45,315.0
S00787,21,organic,high,1,2.5,0.868,2.53,1,95,796.95
S00788,24,organic,high,1,2.4,0.647,4.89,1,95,1540.35
S00789,19,organic,high,1,0.0,0.782,11.0,0,95,3465.0
S00790,13,walk_in,middle,1,0.9,0.98,17.0,0,45,5355.0
S00791,11,organic,middle,2,1.0,0.782,19.0,0,95,5985.0
S00792,22,walk_in,middle,2,1.5,0.807,8.0,0,45,2520.0
S00793,18,paid,high,1,1.9,0.904,1.26,1,495,396.9
S00794,12,organic,high,1,2.5,0.775,4.01,1,95,1263.15
S00795,12,paid,elementary,1,2.3,0.873,2.38,1,495,749.7
S00796,23,paid,high,1,1.6,0.757,7.0,0,495,2205.0
S00797,23,paid,elementary,1,1.7,0.88,7.0,0,495,2205.0
S00798,26,referral,elementary,1,3.3,0.894,4.0,0,60,1260.0
S00799,20,paid,elementary,2,1.1,0.93,10.0,0,495,3150.0
S00800,28,walk_in,middle,1,2.0,0.594,1.49,1,45,469.35
S00801,26,organic,elementary,1,3.1,0.856,4.0,0,95,1260.0
S00802,8,referral,elementary,2,2.0,0.861,19.11,1,60,6019.65
S00803,25,paid,elementary,2,0.0,0.845,0.5,1,495,157.5
S00804,0,referral,middle,2,2.0,1.0,30.0,0,60,9450.0
S00805,25,walk_in,high,1,1.4,0.67,1.45,1,45,456.75
S00806,15,walk_in,elementary,1,1.6,1.0,2.31,1,45,727.65
S00807,2,organic,middle,1,2.6,0.738,24.24,1,95,7635.6
S00808,13,paid,middle,2,2.1,1.0,1.61,1,495,507.15
S00809,0,walk_in,elementary,2,1.5,0.872,17.1,1,45,5386.5
S00810,20,walk_in,elementary,2,2.5,0.686,4.23,1,45,1332.45
S00811,11,organic,high,1,2.1,0.84,3.81,1,95,1200.15
S00812,17,walk_in,college,2,1.8,0.899,3.49,1,45,1099.35
S00813,28,paid,high,1,2.0,0.893,2.0,0,495,630.0
S00814,4,organic,elementary,1,1.9,0.955,10.54,1,95,3320.1
S00815,18,referral,high,2,1.4,0.783,12.0,0,60,3780.0
S00816,15,paid,middle,2,1.3,0.939,3.09,1,495,973.35
S00817,17,paid,elementary,2,1.7,0.948,13.0,0,495,4095.0
S00818,16,paid,middle,1,0.8,0.858,2.31,1,495,727.65
S00819,24,paid,high,1,0.6,0.794,6.0,0,495,1890.0
S00820,6,organic,high,2,2.9,0.709,21.43,1,95,6750.45
S00821,19,organic,middle,1,1.5,0.939,11.0,0,95,3465.0
S00822,21,referral,elementary,1,1.7,0.935,9.0,0,60,2835.0
S00823,3,paid,high,1,1.6,0.761,1.25,1,495,393.75
S00824,29,paid,college,2,1.7,0.721,1.0,0,495,315.0
S00825,14,referral,middle,2,1.7,1.0,16.0,0,60,5040.0
S00826,1,organic,elementary,1,1.8,0.673,0.5,1,95,157.5
S00827,26,organic,middle,1,1.0,0.896,4.0,0,95,1260.0
S00828,19,organic,high,2,2.5,0.743,11.0,0,95,3465.0
S00829,24,organic,middle,2,1.1,0.702,4.31,1,95,1357.65
S00830,2,referral,middle,1,2.6,0.821,10.65,1,60,3354.75
S00831,1,organic,elementary,2,0.0,0.923,29.0,0,95,9135.0
S00832,28,organic,elementary,2,0.7,1.0,2.0,0,95,630.0
S00833,29,paid,elementary,2,2.6,1.0,1.0,0,495,315.0
S00834,14,organic,elementary,1,1.6,0.831,16.0,0,95,5040.0
S00835,15,organic,college,1,1.1,0.987,7.95,1,95,2504.25
S00836,28,referral,elementary,2,2.0,0.968,2.0,0,60,630.0
S00837,8,referral,high,2,0.8,0.851,22.0,0,60,6930.0
S00838,1,organic,high,2,1.8,0.768,15.72,1,95,4951.8
S00839,12,paid,middle,1,0.0,1.0,6.94,1,495,2186.1
S00840,18,organic,middle,1,1.3,0.825,5.27,1,95,1660.05
S00841,28,paid,elementary,2,1.1,0.892,2.0,0,495,630.0
S00842,3,paid,high,2,2.2,0.813,2.57,1,495,809.55
S00843,26,organic,high,1,2.5,0.797,4.0,0,95,1260.0
S00844,24,organic,high,1,0.9,0.817,6.0,0,95,1890.0
S00845,10,paid,middle,1,3.1,0.866,5.03,1,495,1584.45
S00846,26,paid,college,2,1.2,1.0,4.0,0,495,1260.0
S00847,19,organic,high,1,0.0,0.883,4.65,1,95,1464.75
S00848,27,referral,middle,1,0.0,0.773,3.0,0,60,945.0
S00849,2,organic,high,2,3.1,0.81,4.17,1,95,1313.55
S00850,5,walk_in,elementary,1,1.6,0.689,22.95,1,45,7229.25
S00851,23,organic,college,1,1.1,0.804,2.86,1,95,900.9
S00852,29,organic,middle,1,1.0,1.0,1.0,0,95,315.0
S00853,2,organic,high,1,0.7,1.0,14.0,1,95,4410.0
S00854,11,walk_in,elementary,1,2.9,0.834,19.0,0,45,5985.0
S00855,21,organic,college,1,1.6,0.735,8.07,1,95,2542.05
S00856,27,paid,elementary,1,3.3,0.861,3.0,0,495,945.0
S00857,9,walk_in,middle,1,1.5,0.61,0.88,1,45,277.2
S00858,15,walk_in,elementary,2,0.0,0.868,13.68,1,45,4309.2
S00859,4,organic,elementary,2,2.5,0.998,5.21,1,95,1641.15
S00860,4,paid,high,1,1.4,0.942,26.0,0,495,8190.0
S00861,4,paid,elementary,1,1.5,0.705,3.28,1,495,1033.2
S00862,2,referral,middle,2,3.1,0.622,15.69,1,60,4942.35
S00863,29,organic,elementary,1,1.5,0.95,1.0,0,95,315.0
S00864,17,organic,high,1,2.7,0.797,2.04,1,95,642.6
S00865,6,organic,elementary,1,1.7,0.782,9.41,1,95,2964.15
S00866,27,organic,middle,1,1.0,0.924,3.0,0,95,945.0
S00867,14,paid,high,1,2.2,0.762,2.7,1,495,850.5
S00868,4,organic,high,1,1.2,0.659,3.38,1,95,1064.7
S00869,4,organic,high,2,2.8,0.906,2.87,1,95,904.05
S00870,20,organic,college,1,2.6,0.736,0.78,1,95,245.7
S00871,14,organic,elementary,1,1.8,0.733,16.0,0,95,5040.0
S00872,26,organic,high,1,2.2,0.679,0.5,1,95,157.5
S00873,24,walk_in,high,1,2.2,0.852,3.05,1,45,960.75
S00874,6,paid,high,1,1.5,0.768,14.69,1,495,4627.35
S00875,7,organic,high,1,2.5,0.88,2.99,1,95,941.85
S00876,16,referral,elementary,1,1.5,0.827,2.48,1,60,781.2
S00877,21,organic,elementary,1,2.3,0.939,9.0,0,95,2835.0
S00878,11,organic,high,2,0.8,0.866,19.0,0,95,5985.0
S00879,10,walk_in,middle,2,1.8,0.791,2.92,1,45,919.8
S00880,7,walk_in,elementary,2,2.1,0.634,5.99,1,45,1886.85
S00881,3,paid,elementary,1,1.0,0.759,1.47,1,495,463.05
S00882,27,organic,middle,2,1.3,0.964,3.0,0,95,945.0
S00883,24,organic,elementary,1,1.2,1.0,5.88,1,95,1852.2
S00884,26,organic,high,2,2.4,0.699,1.83,1,95,576.45
S00885,10,organic,middle,1,1.1,0.761,2.17,1,95,683.55
S00886,8,organic,high,1,2.1,0.866,22.0,0,95,6930.0
S00887,19,organic,elementary,2,3.1,0.857,11.0,0,95,3465.0
S00888,12,paid,middle,2,2.0,0.78,18.0,0,495,5670.0
S00889,28,organic,elementary,2,0.3,0.939,2.0,0,95,630.0
S00890,23,organic,high,2,1.8,0.687,7.0,0,95,2205.0
S00891,21,walk_in,middle,1,2.6,0.774,6.61,1,45,2082.15
S00892,3,organic,elementary,1,1.4,0.959,12.14,1,95,3824.1
S00893,9,organic,college,2,2.7,1.0,5.6,1,95,1764.0
S00894,1,organic,high,1,2.3,0.802,2.33,1,95,733.95
S00895,18,referral,middle,1,2.1,0.801,7.26,1,60,2286.9
S00896,16,paid,high,2,1.5,0.926,7.47,1,495,2353.05
S00897,22,paid,middle,1,1.2,0.991,2.15,1,495,677.25
S00898,19,paid,college,1,1.5,0.91,11.0,0,495,3465.0
S00899,6,organic,elementary,1,1.8,0.761,18.2,1,95,5733.0
S00900,26,organic,college,1,2.2,0.864,4.0,0,95,1260.0
S00901,28,paid,elementary,1,2.1,0.935,2.0,0,495,630.0
S00902,3,walk_in,high,1,1.4,0.783,16.04,1,45,5052.6
S00903,6,referral,elementary,2,1.8,0.717,24.0,0,60,7560.0
S00904,21,paid,middle,1,2.1,0.885,6.13,1,495,1930.95
S00905,1,paid,middle,1,0.2,0.955,13.89,1,495,4375.35
S00906,3,organic,elementary,1,1.0,0.985,4.69,1,95,1477.35
S00907,15,walk_in,elementary,1,1.0,0.889,15.0,0,45,4725.0
S00908,21,organic,elementary,2,1.5,0.806,9.0,0,95,2835.0
S00909,14,organic,high,1,1.5,0.809,3.9,1,95,1228.5
S00910,15,referral,elementary,2,1.5,0.764,7.07,1,60,2227.05
S00911,4,referral,middle,1,0.9,0.78,15.67,1,60,4936.05
S00912,11,referral,middle,2,2.3,0.779,19.0,0,60,5985.0
S00913,14,paid,elementary,2,2.0,0.801,4.22,1,495,1329.3
S00914,3,organic,college,1,0.2,1.0,8.13,1,95,2560.95
S00915,8,organic,middle,1,1.7,0.714,6.13,1,95,1930.95
S00916,8,referral,high,1,0.7,0.888,12.9,1,60,4063.5
S00917,24,walk_in,high,1,3.2,0.716,1.46,1,45,459.9
S00918,7,organic,high,1,1.3,1.0,3.24,1,95,1020.6
S00919,14,referral,elementary,1,1.4,0.89,8.28,1,60,2608.2
S00920,27,paid,elementary,1,1.8,0.803,3.0,0,495,945.0
S00921,15,organic,middle,1,1.5,0.946,1.94,1,95,611.1
S00922,27,paid,elementary,1,1.7,0.855,3.0,0,495,945.0
S00923,4,organic,elementary,1,3.1,0.733,0.5,1,95,157.5
S00924,3,paid,high,1,1.9,1.0,27.0,0,495,8505.0
S00925,28,organic,middle,2,2.5,0.91,2.0,0,95,630.0
S00926,24,referral,middle,1,2.7,0.992,4.09,1,60,1288.35
S00927,7,paid,elementary,2,0.8,1.0,5.86,1,495,1845.9
S00928,18,referral,high,1,3.2,0.865,12.0,0,60,3780.0
S00929,17,walk_in,middle,2,2.3,0.856,13.0,0,45,4095.0
S00930,7,organic,elementary,1,2.6,0.689,23.0,0,95,7245.0
S00931,23,organic,college,1,0.9,0.962,7.0,0,95,2205.0
S00932,26,walk_in,college,1,2.5,0.82,4.0,0,45,1260.0
S00933,15,paid,high,2,2.1,0.924,15.0,0,495,4725.0
S00934,20,organic,high,1,1.2,0.87,2.89,1,95,910.35
S00935,9,organic,middle,2,3.8,0.699,18.07,1,95,5692.05
S00936,26,walk_in,elementary,2,2.2,0.736,4.0,0,45,1260.0
S00937,19,paid,high,1,1.5,0.934,11.0,0,495,3465.0
S00938,7,organic,elementary,1,1.9,0.981,23.0,0,95,7245.0
S00939,21,paid,middle,1,2.5,0.781,0.5,1,495,157.5
S00940,9,paid,elementary,1,2.7,0.853,7.32,1,495,2305.8
S00941,4,paid,elementary,2,2.2,0.997,26.0,0,495,8190.0
S00942,12,walk_in,high,1,2.8,0.708,9.69,1,45,3052.35
S00943,7,walk_in,middle,2,3.0,0.773,20.15,1,45,6347.25
S00944,3,organic,high,1,0.6,0.776,4.1,1,95,1291.5
S00945,5,organic,high,1,1.3,0.996,0.96,1,95,302.4
S00946,17,paid,high,2,0.9,0.933,13.0,0,495,4095.0
S00947,0,referral,middle,1,1.8,0.794,30.0,0,60,9450.0
S00948,6,paid,high,2,3.0,0.629,5.57,1,495,1754.55
S00949,18,referral,high,1,2.3,0.802,12.0,0,60,3780.0
S00950,7,paid,high,1,0.8,0.998,3.62,1,495,1140.3
S00951,29,organic,high,1,1.5,0.826,1.0,0,95,315.0
S00952,11,referral,elementary,1,2.6,0.762,1.24,1,60,390.6
S00953,8,organic,elementary,2,1.2,0.962,22.0,0,95,6930.0
S00954,11,referral,middle,1,1.6,0.719,16.67,1,60,5251.05
S00955,28,organic,elementary,1,2.0,0.841,2.0,0,95,630.0
S00956,7,paid,elementary,2,0.1,1.0,3.84,1,495,1209.6
S00957,11,walk_in,high,2,2.4,0.752,2.26,1,45,711.9
S00958,14,paid,elementary,1,2.0,0.745,0.5,1,495,157.5
S00959,27,organic,elementary,2,2.2,0.874,3.0,0,95,945.0
S00960,29,paid,high,1,0.8,0.879,0.99,1,495,311.85
S00961,2,paid,elementary,1,1.0,0.855,28.0,0,495,8820.0
S00962,1,organic,elementary,1,1.2,0.894,7.09,1,95,2233.35
S00963,9,organic,college,1,1.9,0.865,1.48,1,95,466.2
S00964,25,organic,high,1,1.8,0.744,4.82,1,95,1518.3
S00965,25,paid,middle,1,1.8,0.772,5.0,0,495,1575.0
S00966,12,paid,elementary,1,3.3,0.826,10.3,1,495,3244.5
S00967,27,paid,elementary,2,2.9,0.938,3.0,0,495,945.0
S00968,16,organic,college,2,1.1,1.0,14.0,0,95,4410.0
S00969,24,paid,high,1,1.1,0.784,3.04,1,495,957.6
S00970,21,organic,elementary,1,3.3,0.897,7.26,1,95,2286.9
S00971,20,walk_in,high,1,1.4,0.946,6.68,1,45,2104.2
S00972,22,walk_in,middle,1,3.0,0.788,8.0,0,45,2520.0
S00973,9,paid,high,1,3.2,0.835,11.95,1,495,3764.25
S00974,28,paid,elementary,1,1.2,0.963,2.0,0,495,630.0
S00975,29,referral,elementary,2,1.5,1.0,1.0,0,60,315.0
S00976,22,organic,elementary,2,1.8,0.75,8.0,0,95,2520.0
S00977,17,referral,elementary,2,0.9,0.971,13.0,0,60,4095.0
S00978,0,organic,high,2,0.8,0.895,9.1,1,95,2866.5
S00979,24,referral,high,1,1.4,0.841,2.08,1,60,655.2
S00980,17,organic,high,2,2.5,0.959,13.0,0,95,4095.0
S00981,11,paid,high,2,1.3,0.977,3.04,1,495,957.6
S00982,28,walk_in,elementary,1,1.5,0.748,2.0,0,45,630.0
S00983,28,organic,middle,2,1.3,0.857,2.0,0,95,630.0
S00984,18,referral,high,1,0.5,0.929,12.0,0,60,3780.0
S00985,18,paid,college,2,3.1,0.653,3.85,1,495,1212.75
S00986,6,organic,middle,2,0.0,1.0,9.73,1,95,3064.95
S00987,21,organic,high,2,1.1,0.889,9.0,0,95,2835.0
S00988,29,organic,college,2,2.2,0.865,1.0,0,95,315.0
S00989,4,organic,college,2,0.5,0.961,1.5,1,95,472.5
S00990,6,paid,elementary,1,2.3,1.0,24.0,0,495,7560.0
S00991,12,organic,high,1,2.8,0.804,13.57,1,95,4274.55
S00992,7,paid,middle,1,0.9,0.847,1.67,1,495,526.05
S00993,2,walk_in,middle,1,1.9,1.0,17.37,1,45,5471.55
S00994,19,walk_in,middle,1,0.7,0.84,10.64,1,45,3351.6
S00995,10,walk_in,elementary,1,2.2,0.77,12.29,1,45,3871.35
S00996,0,referral,elementary,1,1.8,0.694,2.47,1,60,778.05
S00997,17,organic,high,1,1.9,0.959,12.39,1,95,3902.85
S00998,19,walk_in,high,1,2.9,0.826,11.0,0,45,3465.0
S00999,8,organic,high,2,2.1,0.903,22.0,0,95,6930.0
S01000,8,referral,elementary,1,2.9,0.814,4.75,1,60,1496.25
S01001,0,referral,elementary,2,2.3,0.828,30.0,0,60,9450.0
S01002,15,paid,middle,2,0.6,0.834,3.14,1,495,989.1
S01003,12,paid,college,1,2.0,0.752,1.86,1,495,585.9
S01004,28,organic,middle,1,2.2,0.875,0.5,1,95,157.5
S01005,22,paid,elementary,1,0.4,0.922,8.0,0,495,2520.0
S01006,21,organic,middle,1,2.9,0.974,9.0,0,95,2835.0
S01007,11,organic,college,1,1.8,0.763,19.0,0,95,5985.0
S01008,21,organic,high,1,2.0,0.784,7.12,1,95,2242.8
S01009,23,referral,high,1,0.9,0.775,3.15,1,60,992.25
S01010,23,walk_in,middle,1,1.8,0.996,7.0,0,45,2205.0
S01011,11,organic,elementary,1,2.0,0.703,3.91,1,95,1231.65
S01012,28,organic,high,2,1.4,0.968,1.49,1,95,469.35
S01013,16,organic,high,1,1.8,1.0,12.97,1,95,4085.55
S01014,17,organic,high,1,0.0,0.912,8.53,1,95,2686.95
S01015,9,organic,middle,1,2.9,0.875,0.71,1,95,223.65
S01016,22,paid,elementary,1,0.7,0.664,2.53,1,495,796.95
S01017,2,paid,elementary,1,0.0,0.885,4.58,1,495,1442.7
S01018,14,paid,high,1,0.9,0.706,1.64,1,495,516.6
S01019,23,organic,high,1,1.0,0.901,4.17,1,95,1313.55
S01020,27,paid,middle,1,2.2,0.829,0.5,1,495,157.5
S01021,15,organic,high,2,0.9,0.823,2.44,1,95,768.6
S01022,2,paid,middle,1,2.0,0.94,14.71,1,495,4633.65
S01023,23,paid,middle,2,0.9,0.945,7.0,0,495,2205.0
S01024,29,walk_in,middle,1,3.7,0.704,1.0,0,45,315.0
S01025,23,organic,elementary,1,2.2,0.772,2.22,1,95,699.3
S01026,22,referral,elementary,1,3.5,0.61,8.0,0,60,2520.0
S01027,23,organic,elementary,1,0.8,0.871,0.5,1,95,157.5
S01028,28,walk_in,elementary,1,2.3,1.0,2.0,0,45,630.0
S01029,11,paid,middle,1,0.9,0.809,10.68,1,495,3364.2
S01030,5,paid,elementary,2,2.2,0.894,16.51,1,495,5200.65
S01031,8,referral,high,1,2.3,0.764,22.0,0,60,6930.0
S01032,0,paid,elementary,1,0.3,1.0,30.0,0,495,9450.0
S01033,6,organic,middle,1,0.7,0.944,19.01,1,95,5988.15
S01034,13,organic,middle,2,0.7,0.89,11.26,1,95,3546.9
S01035,14,walk_in,elementary,2,0.4,0.735,11.25,1,45,3543.75
S01036,6,organic,middle,1,1.1,0.822,0.84,1,95,264.6
S01037,18,organic,middle,1,0.9,1.0,1.29,1,95,406.35
S01038,9,walk_in,middle,2,0.4,0.903,0.5,1,45,157.5
S01039,25,organic,high,2,1.8,0.935,5.0,0,95,1575.0
S01040,7,organic,high,1,2.2,0.776,10.95,1,95,3449.25
S01041,29,organic,elementary,2,0.5,0.722,1.0,0,95,315.0
S01042,3,organic,high,2,1.2,0.94,8.9,1,95,2803.5
S01043,21,paid,middle,1,1.7,0.886,2.48,1,495,781.2
S01044,19,paid,high,1,1.5,0.797,0.74,1,495,233.1
S01045,17,organic,elementary,1,1.1,0.837,1.22,1,95,384.3
S01046,13,organic,middle,1,2.4,0.851,8.33,1,95,2623.95
S01047,8,referral,high,1,2.5,0.75,0.92,1,60,289.8
S01048,18,referral,high,1,2.3,0.861,12.0,0,60,3780.0
S01049,17,paid,high,2,1.5,0.858,9.09,1,495,2863.35
S01050,21,organic,elementary,1,3.5,0.514,9.0,0,95,2835.0
S01051,8,paid,high,1,3.3,0.763,11.5,1,495,3622.5
S01052,3,paid,middle,1,1.3,0.804,3.83,1,495,1206.45
S01053,26,paid,high,2,1.6,0.784,4.0,0,495,1260.0
S01054,16,referral,high,1,2.8,0.845,1.24,1,60,390.6
S01055,6,paid,middle,2,1.0,0.849,24.0,0,495,7560.0
S01056,14,paid,high,1,2.1,0.892,4.78,1,495,1505.7
S01057,12,organic,high,1,1.8,0.965,5.76,1,95,1814.4
S01058,16,paid,high,1,1.1,0.893,14.0,0,495,4410.0
S01059,6,referral,middle,2,1.5,0.712,9.91,1,60,3121.65
S01060,26,referral,middle,1,0.3,0.834,4.0,0,60,1260.0
S01061,6,organic,elementary,2,1.2,0.993,24.0,0,95,7560.0
S01062,9,walk_in,high,1,0.0,0.899,0.51,1,45,160.65
S01063,22,referral,high,1,3.8,0.669,6.34,1,60,1997.1
S01064,1,paid,elementary,1,3.1,0.778,12.72,1,495,4006.8
S01065,6,paid,high,1,2.8,0.856,24.0,0,495,7560.0
S01066,2,referral,high,1,2.0,0.866,7.01,1,60,2208.15
S01067,9,organic,elementary,1,2.6,0.881,5.76,1,95,1814.4
S01068,25,paid,high,1,2.9,0.707,0.96,1,495,302.4
S01069,1,referral,middle,1,2.6,0.781,0.5,1,60,157.5
S01070,16,paid,elementary,2,2.5,0.808,14.0,0,495,4410.0
S01071,27,referral,elementary,1,0.9,0.885,3.0,0,60,945.0
S01072,1,paid,high,1,2.1,0.605,4.3,1,495,1354.5
S01073,26,paid,middle,2,1.2,0.868,4.0,0,495,1260.0
S01074,15,organic,middle,2,0.6,0.775,2.05,1,95,645.75
S01075,11,walk_in,elementary,1,0.7,1.0,19.0,0,45,5985.0
S01076,21,organic,middle,1,2.1,1.0,8.55,1,95,2693.25
S01077,27,referral,middle,1,2.7,0.989,3.0,0,60,945.0
S01078,12,paid,high,1,0.5,0.993,11.29,1,495,3556.35
S01079,6,walk_in,high,1,3.3,0.727,0.8,1,45,252.0
S01080,13,walk_in,high,1,3.0,0.897,2.13,1,45,670.95
S01081,7,organic,elementary,1,1.4,0.843,15.73,1,95,4954.95
S01082,12,walk_in,elementary,1,1.3,0.936,7.48,1,45,2356.2
S01083,16,paid,high,2,1.6,0.778,3.64,1,495,1146.6
S01084,20,organic,college,1,2.6,0.747,2.33,1,95,733.95
S01085,6,paid,middle,2,1.4,0.935,15.63,1,495,4923.45
S01086,28,organic,high,2,0.7,1.0,2.0,0,95,630.0
S01087,27,paid,high,1,2.0,0.835,3.0,0,495,945.0
S01088,26,organic,middle,1,0.0,1.0,4.0,0,95,1260.0
S01089,29,organic,middle,1,1.8,1.0,1.0,0,95,315.0
S01090,7,organic,middle,1,2.7,0.667,23.0,0,95,7245.0
S01091,3,paid,middle,1,2.0,0.835,1.96,1,495,617.4
S01092,15,referral,elementary,1,2.4,0.717,2.82,1,60,888.3
S01093,13,walk_in,middle,2,2.1,0.838,1.64,1,45,516.6
S01094,21,organic,middle,1,2.4,0.762,3.6,1,95,1134.0
S01095,12,paid,elementary,1,1.8,0.84,0.77,1,495,242.55
S01096,16,organic,middle,1,1.0,0.988,14.0,0,95,4410.0
S01097,29,organic,elementary,2,1.5,0.983,1.0,0,95,315.0
S01098,19,walk_in,middle,1,1.6,0.884,11.0,0,45,3465.0
S01099,29,organic,high,1,2.8,0.803,0.56,1,95,176.4
S01100,10,referral,middle,1,3.2,0.797,8.28,1,60,2608.2
S01101,1,paid,high,2,2.1,0.868,0.5,1,495,157.5
S01102,12,organic,middle,2,1.0,0.966,10.32,1,95,3250.8
S01103,28,referral,elementary,1,1.0,0.884,2.0,0,60,630.0
S01104,1,organic,middle,1,1.5,0.915,19.4,1,95,6111.0
S01105,19,walk_in,high,1,2.9,0.655,0.5,1,45,157.5
S01106,6,organic,college,2,2.0,0.945,24.0,0,95,7560.0
S01107,14,organic,elementary,1,1.7,1.0,2.9,1,95,913.5
S01108,7,referral,elementary,1,1.0,0.903,0.5,1,60,157.5
S01109,13,paid,college,2,2.5,0.682,8.11,1,495,2554.65
S01110,19,organic,high,1,2.0,0.985,11.0,0,95,3465.0
S01111,25,paid,middle,1,1.7,0.816,5.0,0,495,1575.0
S01112,9,organic,high,2,1.8,0.542,2.72,1,95,856.8
S01113,3,paid,middle,2,3.2,0.781,2.53,1,495,796.95
S01114,2,referral,high,1,1.6,0.922,3.82,1,60,1203.3
S01115,11,referral,elementary,1,3.2,0.826,5.38,1,60,1694.7
S01116,17,organic,middle,1,2.8,0.937,6.16,1,95,1940.4
S01117,3,paid,high,1,1.7,0.92,7.37,1,495,2321.55
S01118,22,walk_in,elementary,1,2.5,0.83,0.5,1,45,157.5
S01119,11,paid,high,1,1.6,0.642,15.93,1,495,5017.95
S01120,10,referral,elementary,2,1.0,0.782,20.0,0,60,6300.0
S01121,24,organic,high,1,1.5,0.881,6.0,0,95,1890.0
S01122,15,referral,high,2,0.9,0.982,11.83,1,60,3726.45
S01123,24,paid,middle,1,2.2,0.718,6.0,0,495,1890.0
S01124,1,walk_in,college,1,1.7,0.785,3.12,1,45,982.8
S01125,4,referral,middle,1,2.2,0.881,5.94,1,60,1871.1
S01126,24,referral,high,1,2.4,0.613,1.23,1,60,387.45
S01127,7,organic,elementary,1,0.0,0.717,23.0,0,95,7245.0
S01128,15,referral,elementary,1,2.0,0.814,1.26,1,60,396.9
S01129,21,organic,high,1,0.1,0.952,9.0,0,95,2835.0
S01130,29,organic,college,1,1.8,0.795,1.0,0,95,315.0
S01131,5,organic,middle,1,0.9,0.638,3.25,1,95,1023.75
S01132,21,paid,high,1,1.8,0.85,8.33,1,495,2623.95
S01133,1,paid,elementary,1,2.9,0.654,4.64,1,495,1461.6
S01134,27,walk_in,high,2,0.2,1.0,3.0,0,45,945.0
S01135,26,organic,high,2,1.9,0.852,1.63,1,95,513.45
S01136,10,organic,middle,1,1.6,0.885,2.45,1,95,771.75
S01137,0,organic,middle,2,0.0,1.0,18.75,1,95,5906.25
S01138,28,referral,high,1,2.3,0.768,0.5,1,60,157.5
S01139,26,paid,elementary,1,1.7,0.942,4.0,0,495,1260.0
S01140,19,paid,high,1,1.2,1.0,1.69,1,495,532.35
S01141,17,referral,high,2,1.1,0.942,13.0,0,60,4095.0
S01142,13,paid,middle,1,4.0,0.893,10.05,1,495,3165.75
S01143,11,organic,elementary,1,1.3,0.802,14.29,1,95,4501.35
S01144,23,organic,elementary,2,0.1,1.0,7.0,0,95,2205.0
S01145,9,paid,elementary,2,0.9,0.937,9.69,1,495,3052.35
S01146,5,walk_in,high,2,1.4,0.778,11.99,1,45,3776.85
S01147,11,paid,elementary,1,1.4,0.857,19.0,0,495,5985.0
S01148,21,organic,elementary,1,1.6,0.799,3.7,1,95,1165.5
S01149,26,paid,elementary,1,0.8,0.833,4.0,0,495,1260.0
S01150,21,paid,middle,1,2.2,0.839,9.0,0,495,2835.0
S01151,17,paid,middle,2,1.3,1.0,13.0,0,495,4095.0
S01152,5,paid,high,2,0.5,0.892,2.55,1,495,803.25
S01153,4,walk_in,high,1,1.0,0.897,9.79,1,45,3083.85
S01154,19,organic,college,1,1.4,0.706,3.83,1,95,1206.45
S01155,16,paid,high,1,2.5,0.828,0.5,1,495,157.5
S01156,20,paid,middle,1,2.1,0.96,10.0,0,495,3150.0
S01157,9,walk_in,elementary,1,1.4,0.954,6.58,1,45,2072.7
S01158,29,referral,college,2,1.7,0.924,1.0,0,60,315.0
S01159,27,paid,elementary,1,1.9,0.786,3.0,0,495,945.0
S01160,3,referral,middle,2,3.5,0.685,3.38,1,60,1064.7
S01161,4,paid,elementary,2,1.1,0.889,3.39,1,495,1067.85
S01162,1,walk_in,high,1,2.1,0.689,5.48,1,45,1726.2
S01163,14,organic,elementary,2,2.4,0.706,2.24,1,95,705.6
S01164,14,organic,middle,2,0.8,1.0,16.0,0,95,5040.0
S01165,0,referral,elementary,2,1.9,0.763,2.98,1,60,938.7
S01166,23,organic,high,1,1.8,1.0,5.27,1,95,1660.05
S01167,7,referral,middle,1,1.3,0.715,20.68,1,60,6514.2
S01168,10,paid,middle,1,2.2,0.877,9.7,1,495,3055.5
S01169,21,paid,middle,2,2.6,0.704,9.0,0,495,2835.0
S01170,5,organic,elementary,2,2.7,0.846,3.19,1,95,1004.85
S01171,18,referral,high,1,1.5,0.748,1.75,1,60,551.25
S01172,8,organic,high,1,1.9,0.848,2.09,1,95,658.35
S01173,27,walk_in,high,1,3.8,0.741,3.0,0,45,945.0
S01174,0,referral,college,2,0.7,0.868,30.0,0,60,9450.0
S01175,4,organic,middle,1,1.9,0.899,13.18,1,95,4151.7
S01176,0,organic,elementary,2,2.5,1.0,3.36,1,95,1058.4
S01177,13,walk_in,middle,2,1.8,0.803,11.97,1,45,3770.55
S01178,12,paid,elementary,1,2.3,0.922,10.63,1,495,3348.45
S01179,3,organic,middle,1,1.9,0.852,27.0,0,95,8505.0
S01180,7,paid,middle,1,2.4,0.817,8.91,1,495,2806.65
S01181,20,organic,middle,2,2.9,1.0,3.07,1,95,967.05
S01182,5,paid,high,1,1.5,0.625,13.65,1,495,4299.75
S01183,3,paid,high,1,1.9,0.769,1.46,1,495,459.9
S01184,5,walk_in,middle,1,1.7,0.655,3.82,1,45,1203.3
S01185,27,referral,high,1,1.3,0.836,3.0,0,60,945.0
S01186,22,organic,high,1,1.7,0.827,8.0,0,95,2520.0
S01187,14,paid,high,1,0.7,1.0,10.43,1,495,3285.45
S01188,16,paid,middle,1,2.4,0.858,14.0,0,495,4410.0
S01189,16,walk_in,high,1,3.2,0.98,1.05,1,45,330.75
S01190,2,organic,middle,2,3.2,0.946,28.0,0,95,8820.0
S01191,11,paid,elementary,2,2.8,0.775,4.11,1,495,1294.65
S01192,9,walk_in,elementary,1,0.8,0.945,4.89,1,45,1540.35
S01193,11,paid,high,1,3.1,0.971,3.37,1,495,1061.55
S01194,28,organic,middle,2,1.1,0.918,2.0,0,95,630.0
S01195,26,paid,middle,1,1.7,0.875,0.74,1,495,233.1
S01196,25,organic,middle,1,3.4,0.831,3.38,1,95,1064.7
S01197,22,walk_in,elementary,1,0.7,0.733,6.72,1,45,2116.8
S01198,16,organic,elementary,1,2.5,0.728,13.12,1,95,4132.8
S01199,11,organic,elementary,1,2.0,0.875,10.65,1,95,3354.75
S01200,9,organic,high,2,1.6,0.936,21.0,0,95,6615.0
S01201,24,referral,middle,1,0.9,0.788,6.0,0,60,1890.0
S01202,9,organic,middle,1,2.1,0.799,21.0,0,95,6615.0
S01203,11,walk_in,college,1,1.3,0.857,4.73,1,45,1489.95
S01204,9,walk_in,middle,1,2.6,0.795,4.26,1,45,1341.9
S01205,2,walk_in,high,2,2.8,0.898,3.97,1,45,1250.55
S01206,11,organic,high,1,0.5,0.918,1.2,1,95,378.0
S01207,6,organic,college,1,1.2,0.893,0.5,1,95,157.5
S01208,10,paid,elementary,2,1.4,0.731,11.77,1,495,3707.55
S01209,12,walk_in,middle,1,0.6,0.787,18.0,0,45,5670.0
S01210,18,referral,college,2,0.7,0.952,1.49,1,60,469.35
S01211,13,organic,middle,1,1.8,0.674,17.0,0,95,5355.0
S01212,28,referral,college,1,1.5,0.89,2.0,0,60,630.0
S01213,5,walk_in,elementary,2,0.2,0.867,20.06,1,45,6318.9
S01214,4,walk_in,elementary,1,1.2,0.786,9.44,1,45,2973.6
S01215,21,referral,high,2,2.2,0.92,1.89,1,60,595.35
S01216,23,referral,middle,1,0.6,0.828,4.37,1,60,1376.55
S01217,7,referral,middle,1,0.9,0.794,14.76,1,60,4649.4
S01218,25,organic,college,2,3.1,0.735,1.43,1,95,450.45
S01219,19,organic,elementary,1,2.9,0.804,11.0,0,95,3465.0
S01220,6,referral,college,1,0.2,1.0,11.99,1,60,3776.85
S01221,15,organic,middle,1,0.5,0.674,15.0,0,95,4725.0
S01222,23,paid,elementary,2,2.0,0.856,7.0,0,495,2205.0
S01223,19,walk_in,elementary,1,0.6,0.875,7.71,1,45,2428.65
S01224,7,paid,middle,1,1.5,0.964,0.84,1,495,264.6
S01225,26,paid,middle,2,1.3,0.849,4.0,0,495,1260.0
S01226,4,walk_in,high,1,2.2,0.559,26.0,0,45,8190.0
S01227,21,organic,elementary,2,0.0,1.0,9.0,0,95,2835.0
S01228,17,walk_in,elementary,2,0.0,0.829,13.0,0,45,4095.0
S01229,18,walk_in,elementary,1,0.6,0.894,12.0,0,45,3780.0
S01230,5,organic,middle,2,2.6,0.681,10.34,1,95,3257.1
S01231,20,organic,high,1,1.6,0.736,4.76,1,95,1499.4
S01232,9,organic,middle,1,0.2,0.864,9.56,1,95,3011.4
S01233,15,walk_in,middle,1,2.1,0.927,14.67,1,45,4621.05
S01234,19,organic,middle,1,2.3,0.916,3.86,1,95,1215.9
S01235,29,organic,elementary,1,1.5,0.795,1.0,0,95,315.0
S01236,15,walk_in,elementary,2,1.4,0.939,6.33,1,45,1993.95
S01237,24,paid,college,1,2.1,0.792,6.0,0,495,1890.0
S01238,1,paid,middle,1,2.8,0.814,12.04,1,495,3792.6
S01239,4,referral,college,2,1.8,0.883,26.0,0,60,8190.0
S01240,28,organic,middle,1,2.2,0.896,2.0,0,95,630.0
S01241,4,organic,elementary,1,1.7,0.784,21.59,1,95,6800.85
S01242,4,paid,elementary,1,1.4,0.85,0.66,1,495,207.9
S01243,13,organic,elementary,1,0.9,0.911,17.0,0,95,5355.0
S01244,18,paid,middle,2,1.9,0.872,5.19,1,495,1634.85
S01245,27,referral,middle,1,1.4,0.777,0.5,1,60,157.5
S01246,26,paid,middle,1,1.5,1.0,4.0,0,495,1260.0
S01247,4,paid,middle,1,2.5,0.764,3.24,1,495,1020.6
S01248,24,organic,middle,1,2.1,0.915,5.96,1,95,1877.4
S01249,7,organic,elementary,2,2.5,0.857,21.43,1,95,6750.45
S01250,11,walk_in,elementary,1,0.3,1.0,19.0,0,45,5985.0
S01251,29,organic,college,1,2.2,0.589,1.0,0,95,315.0
S01252,22,paid,elementary,1,1.2,1.0,8.0,0,495,2520.0
S01253,22,organic,high,2,1.0,0.879,8.0,0,95,2520.0
S01254,7,walk_in,middle,1,0.9,0.752,5.68,1,45,1789.2
S01255,16,organic,high,1,2.8,0.815,14.0,0,95,4410.0
S01256,26,paid,middle,1,2.4,1.0,0.78,1,495,245.7
S01257,4,paid,middle,1,1.1,0.933,3.05,1,495,960.75
S01258,14,referral,middle,2,0.7,0.781,14.18,1,60,4466.7
S01259,0,walk_in,high,1,1.7,0.8,1.4,1,45,441.0
S01260,22,referral,middle,1,1.3,1.0,0.59,1,60,185.85
S01261,9,organic,elementary,1,3.2,0.629,3.44,1,95,1083.6
S01262,22,organic,elementary,1,0.4,0.889,8.0,0,95,2520.0
S01263,5,referral,high,1,0.1,0.89,19.4,1,60,6111.0
S01264,24,walk_in,middle,1,1.5,1.0,6.0,0,45,1890.0
S01265,26,organic,elementary,2,1.7,0.838,4.0,0,95,1260.0
S01266,29,referral,middle,1,1.8,0.989,1.0,0,60,315.0
S01267,15,organic,high,2,2.4,0.765,5.05,1,95,1590.75
S01268,18,paid,middle,1,3.6,0.677,12.0,0,495,3780.0
S01269,15,paid,elementary,1,1.4,0.973,11.91,1,495,3751.65
S01270,10,paid,middle,2,1.2,0.961,20.0,0,495,6300.0
S01271,18,walk_in,elementary,2,0.1,0.753,1.09,1,45,343.35
S01272,20,paid,elementary,1,1.9,0.911,1.07,1,495,337.05
S01273,14,paid,college,2,2.5,0.904,6.64,1,495,2091.6
S01274,4,referral,middle,1,1.5,0.792,1.25,1,60,393.75
S01275,7,paid,elementary,1,2.8,0.825,23.0,0,495,7245.0
S01276,13,paid,high,1,1.7,0.88,17.0,0,495,5355.0
S01277,22,organic,college,1,3.1,0.734,0.53,1,95,166.95
S01278,12,paid,high,2,2.0,0.793,18.0,0,495,5670.0
S01279,22,organic,elementary,1,0.7,0.822,8.0,0,95,2520.0
S01280,18,organic,elementary,1,1.1,0.847,0.5,1,95,157.5
S01281,27,organic,middle,2,0.3,0.788,3.0,0,95,945.0
S01282,11,paid,middle,1,0.1,0.917,6.77,1,495,2132.55
S01283,14,organic,high,2,1.9,0.698,1.96,1,95,617.4
S01284,3,referral,college,1,2.5,0.822,0.67,1,60,211.05
S01285,3,referral,high,1,3.5,0.76,19.23,1,60,6057.45
S01286,8,organic,middle,1,1.7,0.737,17.04,1,95,5367.6
S01287,28,paid,middle,1,1.5,0.952,2.0,0,495,630.0
S01288,4,walk_in,elementary,1,0.7,1.0,5.58,1,45,1757.7
S01289,0,organic,middle,1,2.6,0.954,17.9,1,95,5638.5
S01290,24,paid,elementary,1,2.1,0.683,6.0,0,495,1890.0
S01291,4,paid,elementary,1,1.2,1.0,3.85,1,495,1212.75
S01292,0,paid,elementary,2,2.3,0.867,13.32,1,495,4195.8
S01293,21,walk_in,elementary,1,2.2,0.822,2.92,1,45,919.8
S01294,20,organic,elementary,1,0.0,0.861,5.97,1,95,1880.55
S01295,25,walk_in,high,1,2.4,0.818,5.0,0,45,1575.0
S01296,23,paid,elementary,1,1.8,0.997,7.0,0,495,2205.0
S01297,28,referral,elementary,1,1.3,0.927,2.0,0,60,630.0
S01298,25,paid,high,1,1.3,0.823,2.59,1,495,815.85
S01299,17,referral,high,2,3.3,0.725,1.39,1,60,437.85
S01300,24,organic,high,1,3.1,0.741,6.0,0,95,1890.0
S01301,8,referral,high,2,3.3,0.862,8.99,1,60,2831.85
S01302,15,organic,high,2,0.7,1.0,0.5,1,95,157.5
S01303,0,paid,middle,1,1.1,0.761,15.68,1,495,4939.2
S01304,13,paid,high,1,2.5,0.814,12.75,1,495,4016.25
S01305,22,organic,elementary,1,0.6,0.857,3.59,1,95,1130.85
S01306,21,organic,elementary,1,1.1,0.795,3.5,1,95,1102.5
S01307,19,referral,high,1,0.1,0.965,11.0,0,60,3465.0
S01308,1,referral,elementary,2,3.4,0.853,29.0,0,60,9135.0
S01309,3,paid,middle,1,2.7,0.65,0.92,1,495,289.8
S01310,9,organic,elementary,1,2.1,0.719,0.5,1,95,157.5
S01311,22,paid,middle,2,1.9,0.991,4.7,1,495,1480.5
S01312,14,organic,high,1,1.3,0.902,0.79,1,95,248.85
S01313,28,paid,high,1,1.3,0.925,2.0,0,495,630.0
S01314,28,paid,middle,1,2.3,0.768,2.0,0,495,630.0
S01315,5,paid,elementary,1,1.1,0.835,2.08,1,495,655.2
S01316,19,paid,high,2,2.8,0.87,2.94,1,495,926.1
S01317,18,organic,high,1,1.3,0.814,10.82,1,95,3408.3
S01318,17,referral,middle,1,0.9,0.765,13.0,0,60,4095.0
S01319,12,paid,high,2,2.9,0.816,18.0,0,495,5670.0
S01320,15,referral,high,1,1.6,0.953,15.0,0,60,4725.0
S01321,18,organic,college,2,2.2,0.735,4.06,1,95,1278.9
S01322,9,organic,high,1,1.3,0.983,19.64,1,95,6186.6
S01323,3,paid,high,1,0.0,1.0,1.56,1,495,491.4
S01324,17,paid,middle,1,2.2,0.733,0.98,1,495,308.7
S01325,26,walk_in,high,1,0.5,0.905,4.0,0,45,1260.0
S01326,8,walk_in,high,2,2.7,0.82,2.81,1,45,885.15
S01327,8,organic,elementary,1,0.3,0.982,0.63,1,95,198.45
S01328,3,referral,middle,1,0.0,0.999,6.14,1,60,1934.1
S01329,19,organic,middle,2,2.0,0.714,9.15,1,95,2882.25
S01330,0,referral,elementary,1,2.1,0.685,0.5,1,60,157.5
S01331,7,organic,high,1,1.8,0.957,21.43,1,95,6750.45
S01332,6,organic,high,1,0.6,0.912,24.0,0,95,7560.0
S01333,5,paid,college,1,2.5,0.859,4.65,1,495,1464.75
S01334,27,paid,middle,1,0.4,0.945,0.56,1,495,176.4
S01335,28,referral,middle,2,1.3,1.0,2.0,0,60,630.0
S01336,19,paid,high,2,1.0,0.77,2.29,1,495,721.35
S01337,7,paid,middle,2,1.4,1.0,23.0,0,495,7245.0
S01338,17,paid,high,2,2.5,0.745,13.0,0,495,4095.0
S01339,28,paid,middle,2,1.1,0.976,2.0,0,495,630.0
S01340,19,organic,middle,2,2.2,0.993,4.42,1,95,1392.3
S01341,25,paid,elementary,1,2.3,0.672,3.14,1,495,989.1
S01342,21,paid,elementary,1,0.2,0.961,7.47,1,495,2353.05
S01343,16,paid,middle,1,0.7,0.865,5.5,1,495,1732.5
S01344,26,organic,elementary,1,1.4,0.832,3.76,1,95,1184.4
S01345,16,paid,high,1,1.2,0.877,0.5,1,495,157.5
S01346,20,organic,college,2,2.0,0.742,0.68,1,95,214.2
S01347,0,paid,elementary,2,0.0,0.841,30.0,0,495,9450.0
S01348,13,organic,elementary,1,2.3,0.894,5.68,1,95,1789.2
S01349,23,paid,elementary,1,2.4,0.91,2.68,1,495,844.2
S01350,19,walk_in,college,1,1.5,0.797,5.56,1,45,1751.4
S01351,20,organic,elementary,1,0.5,0.745,10.0,0,95,3150.0
S01352,23,organic,high,2,1.7,1.0,7.0,0,95,2205.0
S01353,17,paid,elementary,1,1.2,0.992,5.83,1,495,1836.45
S01354,2,organic,elementary,1,2.2,0.866,1.96,1,95,617.4
S01355,24,walk_in,elementary,1,1.6,0.742,6.0,0,45,1890.0
S01356,15,organic,high,1,2.4,0.755,1.57,1,95,494.55
S01357,14,organic,elementary,2,1.3,0.914,16.0,0,95,5040.0
S01358,12,paid,high,1,3.0,0.687,4.55,1,495,1433.25
S01359,11,organic,middle,1,0.0,1.0,2.78,1,95,875.7
S01360,6,organic,elementary,1,0.8,0.905,24.0,0,95,7560.0
S01361,22,organic,elementary,1,2.1,0.874,0.5,1,95,157.5
S01362,24,referral,high,1,0.3,0.801,6.0,0,60,1890.0
S01363,14,walk_in,middle,1,2.4,0.72,0.75,1,45,236.25
S01364,3,organic,middle,1,0.6,0.814,27.0,0,95,8505.0
S01365,18,referral,middle,1,1.8,0.875,12.0,0,60,3780.0
S01366,0,organic,middle,1,0.9,0.857,0.5,1,95,157.5
S01367,4,paid,high,2,1.3,0.856,1.49,1,495,469.35
S01368,5,paid,middle,2,1.9,0.895,1.5,1,495,472.5
S01369,6,organic,high,2,1.6,0.899,5.92,1,95,1864.8
S01370,15,referral,middle,2,1.4,1.0,15.0,0,60,4725.0
S01371,5,referral,middle,2,3.6,0.763,22.85,1,60,7197.75
S01372,15,organic,middle,1,1.7,0.74,4.65,1,95,1464.75
S01373,24,organic,high,1,0.8,0.889,3.75,1,95,1181.25
S01374,25,referral,middle,1,2.5,0.972,5.0,0,60,1575.0
S01375,29,walk_in,high,1,2.4,0.758,1.0,0,45,315.0
S01376,24,paid,elementary,1,2.8,0.806,1.65,1,495,519.75
S01377,29,referral,middle,1,3.3,0.739,1.0,0,60,315.0
S01378,24,walk_in,high,1,0.9,0.93,6.0,0,45,1890.0
S01379,16,referral,middle,1,2.7,0.833,2.83,1,60,891.45
S01380,2,paid,high,2,2.7,0.737,5.31,1,495,1672.65
S01381,23,organic,college,1,1.7,0.825,7.0,0,95,2205.0
S01382,5,organic,middle,1,1.9,0.943,9.94,1,95,3131.1
S01383,3,paid,elementary,1,0.0,1.0,6.27,1,495,1975.05
S01384,15,walk_in,high,1,1.2,0.972,1.25,1,45,393.75
S01385,9,organic,high,2,3.3,0.891,21.0,0,95,6615.0
S01386,19,paid,elementary,1,0.1,0.886,9.13,1,495,2875.95
S01387,28,organic,high,1,1.2,0.833,2.0,0,95,630.0
S01388,0,referral,middle,1,2.0,0.937,16.68,1,60,5254.2
S01389,8,paid,elementary,1,2.2,0.7,16.01,1,495,5043.15
S01390,25,referral,elementary,2,3.2,0.796,5.0,0,60,1575.0
S01391,4,organic,elementary,1,0.1,0.721,4.46,1,95,1404.9
S01392,6,paid,middle,1,1.7,0.809,2.03,1,495,639.45
S01393,13,paid,high,1,2.5,0.737,3.27,1,495,1030.05
S01394,16,paid,elementary,1,0.5,0.774,14.0,0,495,4410.0
S01395,23,organic,elementary,1,1.7,0.913,2.29,1,95,721.35
S01396,23,paid,middle,2,3.4,0.714,3.43,1,495,1080.45
S01397,29,referral,middle,1,2.9,0.756,0.84,1,60,264.6
S01398,10,organic,middle,2,2.2,0.82,4.41,1,95,1389.15
S01399,0,organic,high,1,0.0,0.847,21.56,1,95,6791.4
